img_name,simulacra_score
plot_1066.png,2.611572504043579
plot_1079.png,2.7440290451049805
plot_1152.png,2.75759506225586
plot_344.png,2.8553013801574707
plot_56.png,2.897317886352539
plot_1872.png,2.9045562744140625
plot_222.png,2.9085803031921387
plot_200.png,2.9756033420562744
plot_1334.png,2.997254610061645
plot_512.png,3.0077524185180664
plot_1650.png,3.0117015838623047
plot_192.png,3.0187020301818848
plot_992.png,3.0406925678253174
plot_3.png,3.0443572998046875
plot_883.png,3.045261144638061
plot_1197.png,3.050180673599243
plot_1543.png,3.0654687881469727
plot_1660.png,3.0681114196777344
plot_1333.png,3.0864903926849365
plot_437.png,3.0883846282958984
plot_315.png,3.0949296951293945
plot_1887.png,3.095179796218872
plot_1815.png,3.104193210601806
plot_908.png,3.1129727363586426
plot_457.png,3.116753101348877
plot_687.png,3.12362003326416
plot_190.png,3.124073028564453
plot_973.png,3.1256465911865234
plot_1725.png,3.1408843994140625
plot_71.png,3.1410367488861084
plot_86.png,3.148112297058105
plot_815.png,3.1526615619659424
plot_1331.png,3.153230905532837
plot_2037.png,3.161530017852783
plot_1601.png,3.161930561065674
plot_1313.png,3.1638107299804688
plot_1635.png,3.1663546562194824
plot_1900.png,3.1679916381835938
plot_1793.png,3.1715896129608154
plot_1250.png,3.1717331409454346
plot_784.png,3.17315673828125
plot_1941.png,3.174030542373657
plot_1610.png,3.1740589141845703
plot_1029.png,3.174270868301392
plot_1735.png,3.1754181385040283
plot_246.png,3.176034450531006
plot_1930.png,3.178081512451172
plot_1000.png,3.1801319122314453
plot_1710.png,3.181504726409912
plot_356.png,3.1838271617889404
plot_1634.png,3.186090469360352
plot_1376.png,3.1885554790496826
plot_845.png,3.1916422843933105
plot_129.png,3.1946463584899902
plot_1386.png,3.1948177814483643
plot_665.png,3.1990838050842285
plot_1848.png,3.207195997238159
plot_730.png,3.208750009536743
plot_1143.png,3.2095370292663574
plot_1847.png,3.2098939418792725
plot_171.png,3.2113494873046875
plot_1227.png,3.211620569229126
plot_1507.png,3.212696313858032
plot_1802.png,3.212886333465576
plot_1081.png,3.213892936706543
plot_1548.png,3.214418172836304
plot_591.png,3.216141700744629
plot_2023.png,3.217966794967652
plot_1883.png,3.2184834480285645
plot_890.png,3.2191162109375
plot_1236.png,3.220419406890869
plot_1298.png,3.222029685974121
plot_209.png,3.223332643508911
plot_1261.png,3.223592758178711
plot_903.png,3.2236039638519287
plot_404.png,3.2244975566864014
plot_348.png,3.2249884605407715
plot_1069.png,3.225133180618286
plot_647.png,3.225133180618286
plot_1983.png,3.225200891494751
plot_964.png,3.2252328395843506
plot_1082.png,3.226096868515014
plot_9.png,3.227079629898072
plot_1470.png,3.22741436958313
plot_1790.png,3.228719711303711
plot_1982.png,3.229057788848877
plot_1330.png,3.229955673217773
plot_1212.png,3.2303168773651123
plot_525.png,3.2303168773651123
plot_191.png,3.2312166690826416
plot_138.png,3.2318673133850098
plot_515.png,3.2326338291168213
plot_1013.png,3.233192443847656
plot_1310.png,3.234858512878418
plot_175.png,3.241224765777588
plot_1484.png,3.242020845413208
plot_454.png,3.242020845413208
plot_2.png,3.242135524749756
plot_2038.png,3.2436814308166504
plot_351.png,3.2444984912872314
plot_1053.png,3.245059967041016
plot_4.png,3.246941089630127
plot_761.png,3.2484350204467773
plot_139.png,3.2497799396514893
plot_896.png,3.251612663269043
plot_1124.png,3.25278377532959
plot_645.png,3.25288462638855
plot_771.png,3.254333734512329
plot_55.png,3.2555019855499268
plot_1496.png,3.257099151611328
plot_1989.png,3.260401964187622
plot_458.png,3.260840892791748
plot_664.png,3.2618327140808105
plot_237.png,3.263711452484131
plot_1996.png,3.265796422958374
plot_425.png,3.2672510147094727
plot_35.png,3.267428398132324
plot_1795.png,3.2675766944885254
plot_76.png,3.2695460319519043
plot_513.png,3.2715306282043457
plot_1395.png,3.2721753120422363
plot_518.png,3.272441864013672
plot_1003.png,3.272779703140259
plot_1630.png,3.2728934288024902
plot_1602.png,3.2736709117889404
plot_634.png,3.274615526199341
plot_1916.png,3.2760958671569824
plot_1898.png,3.276187896728516
plot_1385.png,3.27647352218628
plot_1088.png,3.276685953140259
plot_1349.png,3.2778661251068115
plot_1614.png,3.2782344818115234
plot_1448.png,3.278975248336792
plot_884.png,3.279428482055664
plot_568.png,3.280923843383789
plot_1189.png,3.2826414108276367
plot_851.png,3.2855939865112305
plot_1949.png,3.2857608795166016
plot_1251.png,3.2858786582946777
plot_1148.png,3.28657865524292
plot_1919.png,3.2874670028686523
plot_166.png,3.287749052047729
plot_445.png,3.2890994548797607
plot_332.png,3.2918083667755127
plot_1861.png,3.292858600616455
plot_160.png,3.2932724952697754
plot_1272.png,3.2946014404296875
plot_1590.png,3.2950472831726074
plot_1231.png,3.2958085536956787
plot_498.png,3.29614520072937
plot_564.png,3.2966842651367188
plot_1419.png,3.296830177307129
plot_1035.png,3.2976131439208984
plot_1354.png,3.2976906299591064
plot_456.png,3.297818183898926
plot_1534.png,3.298689842224121
plot_496.png,3.299643039703369
plot_778.png,3.3017807006835938
plot_183.png,3.3041248321533203
plot_369.png,3.305203676223755
plot_81.png,3.3052072525024414
plot_1928.png,3.3057548999786377
plot_677.png,3.3074193000793457
plot_1040.png,3.307508707046509
plot_280.png,3.307795286178589
plot_125.png,3.307812213897705
plot_569.png,3.308067798614502
plot_607.png,3.3088293075561523
plot_229.png,3.309628963470459
plot_248.png,3.3097660541534424
plot_1115.png,3.311208248138428
plot_789.png,3.312207221984864
plot_1711.png,3.312932014465332
plot_316.png,3.313976287841797
plot_1436.png,3.3150200843811035
plot_1833.png,3.3153233528137207
plot_636.png,3.3160691261291504
plot_1472.png,3.316104888916016
plot_1367.png,3.3167150020599365
plot_557.png,3.3172600269317627
plot_1332.png,3.3173115253448486
plot_114.png,3.317471742630005
plot_1866.png,3.3184163570404053
plot_313.png,3.318781614303589
plot_2019.png,3.3192152976989746
plot_818.png,3.319873809814453
plot_963.png,3.320367813110352
plot_367.png,3.3204073905944824
plot_916.png,3.320420742034912
plot_925.png,3.320855140686035
plot_1045.png,3.321169853210449
plot_982.png,3.3221969604492188
plot_1083.png,3.3223352432250977
plot_37.png,3.3225409984588623
plot_995.png,3.3226029872894287
plot_684.png,3.325015068054199
plot_781.png,3.325645446777344
plot_347.png,3.326906681060791
plot_562.png,3.328805446624756
plot_1161.png,3.3288323879241943
plot_939.png,3.329159736633301
plot_746.png,3.329282283782959
plot_1264.png,3.3293099403381348
plot_541.png,3.330209493637085
plot_21.png,3.3319427967071533
plot_388.png,3.3320841789245605
plot_1240.png,3.332137107849121
plot_853.png,3.33303165435791
plot_82.png,3.333603620529175
plot_1098.png,3.3341286182403564
plot_474.png,3.334246158599853
plot_132.png,3.334867000579834
plot_507.png,3.334919214248657
plot_1956.png,3.336186170578003
plot_180.png,3.336470365524292
plot_763.png,3.337208747863769
plot_178.png,3.3379220962524414
plot_1480.png,3.3379924297332764
plot_1664.png,3.3381106853485107
plot_1571.png,3.338510513305664
plot_1734.png,3.338564872741699
plot_1042.png,3.3391804695129395
plot_238.png,3.3395142555236816
plot_1515.png,3.340059757232666
plot_670.png,3.340526580810547
plot_1016.png,3.340542793273926
plot_1811.png,3.341085433959961
plot_1112.png,3.3411576747894287
plot_1235.png,3.341960906982422
plot_227.png,3.343179941177368
plot_1027.png,3.3433375358581543
plot_436.png,3.343470573425293
plot_493.png,3.3436813354492188
plot_1652.png,3.344461441040039
plot_111.png,3.345339298248291
plot_124.png,3.345339298248291
plot_146.png,3.345339298248291
plot_1540.png,3.345339298248291
plot_1676.png,3.345339298248291
plot_1759.png,3.345339298248291
plot_503.png,3.345339298248291
plot_666.png,3.345339298248291
plot_78.png,3.345339298248291
plot_849.png,3.345339298248291
plot_1084.png,3.3457489013671875
plot_1767.png,3.345908164978028
plot_1458.png,3.346034526824951
plot_1305.png,3.3462226390838623
plot_867.png,3.348299026489258
plot_1828.png,3.350551128387451
plot_1182.png,3.351260185241699
plot_1807.png,3.352389335632324
plot_1010.png,3.352400302886963
plot_1786.png,3.352417469024658
plot_1452.png,3.3525853157043457
plot_2034.png,3.3527252674102783
plot_1375.png,3.3530869483947754
plot_45.png,3.353198766708374
plot_85.png,3.3532938957214355
plot_1455.png,3.3543384075164795
plot_1177.png,3.354489803314209
plot_816.png,3.3545947074890137
plot_1454.png,3.3561320304870605
plot_1659.png,3.3562536239624023
plot_1627.png,3.356335401535034
plot_1378.png,3.356349229812622
plot_719.png,3.35635757446289
plot_1799.png,3.3569581508636475
plot_1380.png,3.357309341430664
plot_272.png,3.357346534729004
plot_873.png,3.358694553375244
plot_1156.png,3.359096050262451
plot_1154.png,3.359377145767212
plot_296.png,3.359483003616333
plot_1191.png,3.3595991134643555
plot_809.png,3.359954357147217
plot_638.png,3.360072612762451
plot_812.png,3.3603758811950684
plot_8.png,3.360605001449585
plot_428.png,3.360731840133667
plot_1085.png,3.360735893249512
plot_1299.png,3.361255884170532
plot_690.png,3.3617193698883057
plot_161.png,3.3617238998413086
plot_407.png,3.36172866821289
plot_94.png,3.363442897796631
plot_1753.png,3.3640315532684326
plot_835.png,3.364490032196045
plot_1742.png,3.364743232727051
plot_260.png,3.3649468421936035
plot_274.png,3.365498781204224
plot_1810.png,3.36576509475708
plot_1562.png,3.3666563034057617
plot_1465.png,3.366830587387085
plot_460.png,3.368428468704224
plot_555.png,3.3684701919555664
plot_946.png,3.36890721321106
plot_308.png,3.369580268859864
plot_1674.png,3.3708159923553467
plot_1229.png,3.370863914489746
plot_1882.png,3.37117862701416
plot_653.png,3.372263669967652
plot_1913.png,3.3724703788757324
plot_1739.png,3.372810840606689
plot_1246.png,3.372817039489746
plot_773.png,3.3733417987823486
plot_1356.png,3.3740382194519043
plot_1805.png,3.3746023178100586
plot_1976.png,3.3747169971466064
plot_431.png,3.375382423400879
plot_19.png,3.3761444091796875
plot_1323.png,3.376811981201172
plot_1427.png,3.377562999725342
plot_1772.png,3.377657413482666
plot_915.png,3.377700090408325
plot_181.png,3.378313064575196
plot_667.png,3.3792288303375244
plot_752.png,3.379233121871948
plot_742.png,3.379435777664185
plot_442.png,3.379565715789795
plot_1168.png,3.3799614906311035
plot_1568.png,3.3808298110961914
plot_1441.png,3.381436347961426
plot_941.png,3.3815484046936035
plot_1545.png,3.3826892375946045
plot_256.png,3.3834104537963867
plot_359.png,3.383549928665161
plot_767.png,3.383622169494629
plot_1615.png,3.3843936920166016
plot_133.png,3.384646415710449
plot_1220.png,3.3847780227661133
plot_951.png,3.385246515274048
plot_128.png,3.386237859725952
plot_1683.png,3.386676788330078
plot_1110.png,3.38741421699524
plot_155.png,3.3878302574157715
plot_1741.png,3.3878793716430664
plot_1914.png,3.3879194259643555
plot_1783.png,3.3880887031555176
plot_639.png,3.388585090637207
plot_1969.png,3.388619899749756
plot_1198.png,3.388688802719116
plot_709.png,3.3889524936676025
plot_1891.png,3.3894734382629395
plot_1986.png,3.389803409576416
plot_242.png,3.3899803161621094
plot_489.png,3.3900394439697266
plot_1173.png,3.390071392059326
plot_650.png,3.390268325805664
plot_1535.png,3.391398429870605
plot_2011.png,3.3917794227600098
plot_1612.png,3.392030477523804
plot_1074.png,3.3920631408691406
plot_2012.png,3.3936984539031982
plot_821.png,3.3942928314208984
plot_232.png,3.394327402114868
plot_1519.png,3.3948445320129395
plot_1179.png,3.394937515258789
plot_510.png,3.39504337310791
plot_579.png,3.395113706588745
plot_958.png,3.3953871726989746
plot_1719.png,3.3956873416900635
plot_1099.png,3.395906925201416
plot_1593.png,3.395942449569702
plot_488.png,3.3959522247314453
plot_1294.png,3.3963701725006104
plot_744.png,3.39705228805542
plot_1909.png,3.397550106048584
plot_753.png,3.3981621265411377
plot_402.png,3.398242473602295
plot_976.png,3.398381233215332
plot_1766.png,3.398843288421631
plot_689.png,3.398906946182251
plot_1727.png,3.398934841156006
plot_295.png,3.399029016494751
plot_289.png,3.399056911468506
plot_1032.png,3.400057315826416
plot_108.png,3.4009108543396
plot_1181.png,3.4012205600738525
plot_723.png,3.402014970779419
plot_203.png,3.4021670818328857
plot_1194.png,3.4027414321899414
plot_387.png,3.40315055847168
plot_487.png,3.4031524658203125
plot_1785.png,3.403360605239868
plot_1295.png,3.4039597511291504
plot_857.png,3.4040229320526123
plot_1049.png,3.4041671752929688
plot_578.png,3.404204607009888
plot_284.png,3.404362678527832
plot_1041.png,3.404481887817383
plot_1830.png,3.404513597488404
plot_1730.png,3.4050111770629883
plot_1834.png,3.405237197875977
plot_1680.png,3.4058072566986084
plot_1663.png,3.4058966636657715
plot_1561.png,3.405960321426392
plot_1162.png,3.4059951305389404
plot_1951.png,3.406480073928833
plot_928.png,3.407590627670288
plot_1845.png,3.408024787902832
plot_1837.png,3.408860206604004
plot_1498.png,3.409076452255249
plot_810.png,3.40969181060791
plot_1773.png,3.409789085388184
plot_281.png,3.410400152206421
plot_1430.png,3.4104254245758057
plot_1185.png,3.411609649658203
plot_1442.png,3.412027359008789
plot_1981.png,3.4121878147125244
plot_492.png,3.412306070327759
plot_141.png,3.412480592727661
plot_846.png,3.4125349521636963
plot_95.png,3.4126338958740234
plot_1169.png,3.413731813430786
plot_350.png,3.413958787918091
plot_1388.png,3.414708375930786
plot_519.png,3.414976119995117
plot_1090.png,3.4152064323425293
plot_193.png,3.4154460430145264
plot_581.png,3.415482759475708
plot_1616.png,3.417575597763061
plot_189.png,3.417640209197998
plot_172.png,3.4178946018218994
plot_213.png,3.4181368350982666
plot_1940.png,3.418268203735352
plot_361.png,3.4187257289886475
plot_1715.png,3.418734550476074
plot_381.png,3.418826103210449
plot_1560.png,3.419150352478028
plot_1529.png,3.419182300567627
plot_1575.png,3.420344352722168
plot_1606.png,3.4203543663024902
plot_533.png,3.420506477355957
plot_586.png,3.4206655025482178
plot_535.png,3.4210007190704346
plot_2017.png,3.4219274520874023
plot_123.png,3.422157049179077
plot_1618.png,3.4223339557647705
plot_531.png,3.4223670959472656
plot_999.png,3.4225783348083496
plot_1565.png,3.4226036071777344
plot_374.png,3.4227914810180664
plot_1468.png,3.422900676727295
plot_1572.png,3.4232163429260254
plot_1504.png,3.4233198165893555
plot_1968.png,3.4233944416046143
plot_1469.png,3.423619747161865
plot_1219.png,3.423658847808838
plot_247.png,3.423697233200073
plot_196.png,3.423702478408813
plot_243.png,3.423853635787964
plot_1931.png,3.424009323120117
plot_1858.png,3.4241273403167725
plot_1864.png,3.424668073654175
plot_1846.png,3.424877643585205
plot_1596.png,3.425065755844116
plot_1193.png,3.42539644241333
plot_1517.png,3.426109552383423
plot_1209.png,3.427221298217773
plot_1266.png,3.4278454780578613
plot_215.png,3.4279332160949707
plot_1533.png,3.4280710220336914
plot_1257.png,3.428457260131836
plot_2020.png,3.428560256958008
plot_1495.png,3.428924560546875
plot_282.png,3.4291000366210938
plot_1141.png,3.429386615753174
plot_106.png,3.429656505584717
plot_1151.png,3.429800033569336
plot_49.png,3.431402444839477
plot_1281.png,3.431901931762696
plot_1960.png,3.432013988494873
plot_1243.png,3.432030439376831
plot_571.png,3.4322242736816406
plot_1754.png,3.432670831680298
plot_1052.png,3.433280229568481
plot_1918.png,3.4333250522613525
plot_446.png,3.433367252349853
plot_1087.png,3.43347692489624
plot_549.png,3.4338409900665283
plot_1200.png,3.43392276763916
plot_2030.png,3.434021472930908
plot_430.png,3.434504508972168
plot_1648.png,3.4361677169799805
plot_1775.png,3.436204433441162
plot_775.png,3.436606884002685
plot_1673.png,3.43701171875
plot_62.png,3.437037944793701
plot_1215.png,3.43717098236084
plot_1827.png,3.4379196166992188
plot_554.png,3.438624382019043
plot_1736.png,3.4386277198791504
plot_1429.png,3.438815832138061
plot_707.png,3.438938617706299
plot_335.png,3.4398646354675293
plot_1694.png,3.440062999725342
plot_270.png,3.441023588180542
plot_935.png,3.441190004348755
plot_104.png,3.4412953853607178
plot_877.png,3.441690444946289
plot_720.png,3.441739082336426
plot_70.png,3.442741870880127
plot_379.png,3.4431018829345703
plot_1547.png,3.443121194839477
plot_1661.png,3.4433786869049072
plot_1947.png,3.444119930267334
plot_1025.png,3.444141387939453
plot_1716.png,3.4444785118103027
plot_1309.png,3.4446029663085938
plot_1831.png,3.4452013969421387
plot_1379.png,3.445439338684082
plot_1116.png,3.4458844661712646
plot_1011.png,3.446215867996216
plot_629.png,3.4464006423950195
plot_299.png,3.446511030197144
plot_1218.png,3.4467310905456543
plot_154.png,3.44710636138916
plot_1055.png,3.447594165802002
plot_1093.png,3.4480655193328857
plot_278.png,3.448230028152466
plot_1398.png,3.448629856109619
plot_1862.png,3.448641777038574
plot_1963.png,3.4486658573150635
plot_1206.png,3.449251651763916
plot_668.png,3.449824571609497
plot_130.png,3.450949192047119
plot_254.png,3.451234817504883
plot_1493.png,3.451743125915528
plot_1836.png,3.452061891555786
plot_1501.png,3.452498435974121
plot_1033.png,3.453378438949585
plot_779.png,3.4536056518554688
plot_1020.png,3.453836441040039
plot_630.png,3.453911542892456
plot_990.png,3.4539268016815186
plot_608.png,3.4543497562408447
plot_1934.png,3.4549474716186523
plot_59.png,3.455042600631714
plot_386.png,3.4558660984039307
plot_1675.png,3.4562363624572754
plot_152.png,3.456316471099853
plot_1095.png,3.456623077392578
plot_220.png,3.4570789337158203
plot_1371.png,3.4575071334838867
plot_2002.png,3.4577040672302246
plot_1857.png,3.457989454269409
plot_1120.png,3.458502054214477
plot_1698.png,3.4587018489837646
plot_394.png,3.4587323665618896
plot_1542.png,3.4593420028686523
plot_317.png,3.459437131881714
plot_11.png,3.4595932960510254
plot_392.png,3.460169553756714
plot_936.png,3.460324287414551
plot_1374.png,3.460481882095337
plot_508.png,3.460629940032959
plot_1263.png,3.461597442626953
plot_1432.png,3.4616644382476807
plot_455.png,3.4617414474487305
plot_453.png,3.4622232913970947
plot_275.png,3.46256685256958
plot_1832.png,3.463031530380249
plot_858.png,3.46366024017334
plot_735.png,3.463848114013672
plot_219.png,3.4640133380889893
plot_1904.png,3.464292526245117
plot_1922.png,3.464324712753296
plot_800.png,3.464446544647217
plot_1343.png,3.4649453163146973
plot_323.png,3.465373516082764
plot_1589.png,3.466399908065796
plot_1413.png,3.4664173126220703
plot_2007.png,3.4679579734802246
plot_802.png,3.468757152557373
plot_2006.png,3.468893051147461
plot_1985.png,3.469082355499268
plot_701.png,3.4693565368652344
plot_1702.png,3.469379425048828
plot_1238.png,3.4698331356048584
plot_759.png,3.469907283782959
plot_1895.png,3.4701366424560547
plot_102.png,3.47025203704834
plot_188.png,3.4705348014831543
plot_1712.png,3.470917224884033
plot_1486.png,3.471003532409668
plot_1213.png,3.4713144302368164
plot_328.png,3.471707820892334
plot_904.png,3.471771001815796
plot_1128.png,3.4718971252441406
plot_1282.png,3.4719491004943848
plot_195.png,3.4728751182556152
plot_642.png,3.473097801208496
plot_290.png,3.47314453125
plot_1017.png,3.473577976226806
plot_499.png,3.4737322330474854
plot_1392.png,3.4738779067993164
plot_461.png,3.4739646911621094
plot_874.png,3.4744012355804443
plot_560.png,3.4745302200317383
plot_1121.png,3.475231170654297
plot_343.png,3.4754323959350586
plot_1553.png,3.47571873664856
plot_1474.png,3.4761972427368164
plot_261.png,3.476368188858032
plot_159.png,3.476578950881958
plot_483.png,3.477090358734131
plot_216.png,3.477273464202881
plot_1134.png,3.477449893951416
plot_1370.png,3.477652311325073
plot_1342.png,3.478071689605713
plot_1599.png,3.4780807495117188
plot_754.png,3.47811245918274
plot_1975.png,3.478557825088501
plot_1187.png,3.4791605472564697
plot_891.png,3.4793384075164795
plot_1935.png,3.4806835651397705
plot_898.png,3.4810545444488525
plot_1987.png,3.481754302978516
plot_1190.png,3.481780529022217
plot_1142.png,3.4820103645324707
plot_1755.png,3.48201870918274
plot_1094.png,3.4823713302612305
plot_1791.png,3.4828453063964844
plot_1655.png,3.484293222427368
plot_672.png,3.484541177749634
plot_1422.png,3.4854702949523926
plot_1792.png,3.485781669616699
plot_1576.png,3.4858486652374268
plot_686.png,3.486526727676392
plot_1860.png,3.486539363861084
plot_208.png,3.48689341545105
plot_1682.png,3.487182855606079
plot_1626.png,3.4883601665496826
plot_491.png,3.4888665676116943
plot_1228.png,3.489307165145874
plot_1163.png,3.489675998687744
plot_371.png,3.489759683609009
plot_484.png,3.490076303482056
plot_1518.png,3.490106105804444
plot_1520.png,3.490436792373657
plot_1387.png,3.4907023906707764
plot_1494.png,3.491118907928467
plot_424.png,3.4912381172180176
plot_1292.png,3.4914326667785645
plot_411.png,3.4918222427368164
plot_676.png,3.4923171997070312
plot_780.png,3.4925215244293213
plot_1920.png,3.492647171020508
plot_1361.png,3.4929018020629883
plot_991.png,3.492974281311035
plot_1944.png,3.4937095642089844
plot_788.png,3.4937400817871094
plot_167.png,3.4941327571868896
plot_1946.png,3.494446277618408
plot_770.png,3.4946823120117188
plot_1993.png,3.4947237968444824
plot_88.png,3.496510028839112
plot_1732.png,3.496710538864136
plot_1096.png,3.4967827796936035
plot_1788.png,3.497437000274658
plot_899.png,3.498208999633789
plot_2032.png,3.498924732208252
plot_414.png,3.499375820159912
plot_1959.png,3.499422073364258
plot_1111.png,3.499667167663574
plot_68.png,3.4998373985290527
plot_688.png,3.500518321990967
plot_774.png,3.50097131729126
plot_1707.png,3.5013747215271
plot_143.png,3.5014474391937256
plot_333.png,3.502158641815185
plot_1037.png,3.50282621383667
plot_184.png,3.5032012462615967
plot_660.png,3.5039005279541016
plot_1234.png,3.503931760787964
plot_1926.png,3.504129648208618
plot_1316.png,3.504724264144897
plot_41.png,3.5058083534240723
plot_1026.png,3.506011962890625
plot_221.png,3.506312847137451
plot_760.png,3.506397724151612
plot_1863.png,3.506525993347168
plot_888.png,3.5072836875915527
plot_447.png,3.507751941680908
plot_836.png,3.508514404296875
plot_1574.png,3.5086286067962646
plot_22.png,3.508781671524048
plot_1749.png,3.509088516235352
plot_73.png,3.509345054626465
plot_20.png,3.5095996856689453
plot_1838.png,3.5097343921661377
plot_616.png,3.509883403778076
plot_358.png,3.5105128288269043
plot_1875.png,3.510676860809326
plot_1669.png,3.5108983516693115
plot_715.png,3.511350154876709
plot_902.png,3.511804819107056
plot_1950.png,3.511960983276367
plot_497.png,3.512037754058838
plot_2013.png,3.5121939182281494
plot_1104.png,3.512667179107666
plot_202.png,3.512702465057373
plot_1994.png,3.513904094696045
plot_365.png,3.5139710903167725
plot_198.png,3.514230489730835
plot_1905.png,3.5149941444396973
plot_1714.png,3.515407085418701
plot_1023.png,3.515483856201172
plot_1641.png,3.5156731605529785
plot_1319.png,3.5160231590271
plot_1047.png,3.5161352157592773
plot_39.png,3.516327381134033
plot_824.png,3.516350030899048
plot_1598.png,3.516479253768921
plot_1157.png,3.5166923999786377
plot_1293.png,3.5170247554779053
plot_396.png,3.5172605514526367
plot_575.png,3.517586469650269
plot_18.png,3.5179672241210938
plot_1608.png,3.518251180648804
plot_829.png,3.518819808959961
plot_627.png,3.5189192295074463
plot_1363.png,3.5196683406829834
plot_25.png,3.520097494125366
plot_1689.png,3.520967483520508
plot_185.png,3.520992517471313
plot_1391.png,3.521769523620605
plot_1063.png,3.52193546295166
plot_1640.png,3.522413969039917
plot_1964.png,3.522579431533813
plot_1705.png,3.5226292610168457
plot_980.png,3.522885322570801
plot_659.png,3.5233492851257324
plot_1587.png,3.5237808227539062
plot_27.png,3.5239720344543457
plot_1787.png,3.5250048637390137
plot_1665.png,3.5253777503967285
plot_241.png,3.525540590286255
plot_889.png,3.525624513626098
plot_239.png,3.525683879852295
plot_566.png,3.527467966079712
plot_732.png,3.527771472930908
plot_615.png,3.5281572341918945
plot_931.png,3.528221845626831
plot_441.png,3.5286705493927
plot_43.png,3.529266834259033
plot_661.png,3.5293047428131104
plot_1393.png,3.5293800830841064
plot_376.png,3.529385805130005
plot_1457.png,3.5300629138946533
plot_776.png,3.530531883239746
plot_856.png,3.530802249908448
plot_342.png,3.5310487747192383
plot_137.png,3.531486749649048
plot_1360.png,3.5320332050323486
plot_865.png,3.533366680145264
plot_2031.png,3.533411979675293
plot_1704.png,3.5334479808807373
plot_2027.png,3.533679485321045
plot_1230.png,3.533910751342773
plot_1933.png,3.5340347290039062
plot_1743.png,3.5341312885284424
plot_12.png,3.5341556072235107
plot_777.png,3.5342533588409424
plot_1569.png,3.5343379974365234
plot_1953.png,3.53462553024292
plot_1942.png,3.5347633361816406
plot_471.png,3.535367965698242
plot_40.png,3.535406827926636
plot_1216.png,3.5356507301330566
plot_1594.png,3.535797119140625
plot_7.png,3.536153793334961
plot_989.png,3.5364632606506348
plot_1400.png,3.53662109375
plot_745.png,3.537028551101685
plot_401.png,3.5388474464416504
plot_1980.png,3.5389227867126465
plot_1275.png,3.5403568744659424
plot_1048.png,3.5403757095336914
plot_462.png,3.5404868125915527
plot_580.png,3.540708303451538
plot_429.png,3.541569948196411
plot_105.png,3.5422041416168213
plot_1135.png,3.542242765426636
plot_1359.png,3.5424158573150635
plot_1582.png,3.542566537857056
plot_1341.png,3.5426127910614014
plot_490.png,3.5426740646362305
plot_355.png,3.542953968048096
plot_724.png,3.5429792404174805
plot_825.png,3.543099403381348
plot_1806.png,3.5437557697296143
plot_1728.png,3.543787240982056
plot_378.png,3.5446887016296387
plot_107.png,3.545719146728516
plot_811.png,3.545809745788574
plot_1476.png,3.545943021774292
plot_1912.png,3.546123743057251
plot_1062.png,3.546469211578369
plot_1531.png,3.5470361709594727
plot_66.png,3.547177314758301
plot_1270.png,3.547182559967041
plot_1290.png,3.547238111495972
plot_1957.png,3.5473477840423584
plot_83.png,3.547367572784424
plot_979.png,3.547859668731689
plot_1366.png,3.5481958389282227
plot_440.png,3.5482337474823
plot_803.png,3.548699378967285
plot_1404.png,3.549604177474976
plot_427.png,3.549870491027832
plot_1241.png,3.550414800643921
plot_1733.png,3.5504488945007324
plot_1414.png,3.550697565078736
plot_1057.png,3.5508131980896
plot_1214.png,3.55115270614624
plot_695.png,3.55115818977356
plot_382.png,3.5513250827789307
plot_854.png,3.551980972290039
plot_1999.png,3.552328109741211
plot_983.png,3.5528268814086914
plot_840.png,3.5528371334075928
plot_573.png,3.55326509475708
plot_932.png,3.553354263305664
plot_268.png,3.553846836090088
plot_1297.png,3.554159641265869
plot_1289.png,3.554253578186035
plot_126.png,3.554260969161988
plot_373.png,3.554327726364136
plot_294.png,3.554509401321411
plot_1412.png,3.555011749267578
plot_837.png,3.555363178253174
plot_879.png,3.555455446243286
plot_1477.png,3.5556321144104004
plot_1155.png,3.5558953285217285
plot_694.png,3.5565319061279297
plot_787.png,3.556941509246826
plot_1267.png,3.5569491386413574
plot_325.png,3.557511568069458
plot_2036.png,3.5576610565185547
plot_1300.png,3.5582435131073
plot_552.png,3.5584092140197754
plot_117.png,3.558427095413208
plot_2003.png,3.55849552154541
plot_54.png,3.559257745742798
plot_658.png,3.55997371673584
plot_116.png,3.560513019561768
plot_792.png,3.5609493255615234
plot_480.png,3.561052322387696
plot_610.png,3.561228036880493
plot_1475.png,3.561814069747925
plot_1225.png,3.561918258666992
plot_1588.png,3.561960458755493
plot_1679.png,3.5619802474975586
plot_164.png,3.562609910964966
plot_1708.png,3.5627682209014893
plot_1603.png,3.5637757778167725
plot_473.png,3.5639469623565674
plot_1420.png,3.5640463829040527
plot_794.png,3.564083814620972
plot_1902.png,3.564291477203369
plot_1258.png,3.564366340637207
plot_1153.png,3.564833879470825
plot_298.png,3.5654187202453613
plot_1105.png,3.565920352935791
plot_547.png,3.5659713745117188
plot_843.png,3.566233396530152
plot_1577.png,3.566852331161499
plot_1327.png,3.567432880401612
plot_947.png,3.568035125732422
plot_819.png,3.568067789077759
plot_567.png,3.568321943283081
plot_631.png,3.5691137313842773
plot_1092.png,3.570065498352051
plot_975.png,3.5700955390930176
plot_1184.png,3.5703766345977783
plot_53.png,3.571099042892456
plot_646.png,3.572279453277588
plot_1903.png,3.572530508041382
plot_1973.png,3.5729496479034424
plot_91.png,3.57309365272522
plot_1632.png,3.573352813720703
plot_822.png,3.574277877807617
plot_1820.png,3.57431960105896
plot_57.png,3.574742555618286
plot_612.png,3.5749101638793945
plot_1435.png,3.575483560562134
plot_585.png,3.57553768157959
plot_92.png,3.575902223587036
plot_1687.png,3.5762205123901367
plot_118.png,3.57649827003479
plot_277.png,3.577069044113159
plot_1009.png,3.5774970054626465
plot_1550.png,3.577763557434082
plot_922.png,3.5779826641082764
plot_971.png,3.5785231590271
plot_63.png,3.579076051712036
plot_410.png,3.579339504241944
plot_1524.png,3.579634189605713
plot_842.png,3.5798442363739014
plot_901.png,3.5799055099487305
plot_1358.png,3.580504894256592
plot_452.png,3.5805583000183105
plot_722.png,3.581045627593994
plot_80.png,3.5811305046081543
plot_170.png,3.5811960697174072
plot_814.png,3.581257104873657
plot_790.png,3.581660747528076
plot_523.png,3.5819292068481445
plot_1039.png,3.582242012023926
plot_997.png,3.58229398727417
plot_863.png,3.5828256607055664
plot_1317.png,3.582879066467285
plot_699.png,3.583090305328369
plot_514.png,3.5835347175598145
plot_833.png,3.5838425159454346
plot_1383.png,3.5843164920806885
plot_1738.png,3.584402084350586
plot_58.png,3.584614992141724
plot_987.png,3.5846757888793945
plot_704.png,3.584869861602783
plot_1522.png,3.5855157375335693
plot_961.png,3.5858347415924072
plot_565.png,3.5860743522644043
plot_1692.png,3.5860838890075684
plot_996.png,3.5871760845184326
plot_236.png,3.5873966217041016
plot_895.png,3.5876903533935547
plot_1217.png,3.587813138961792
plot_868.png,3.588318109512329
plot_443.png,3.589287519454956
plot_153.png,3.589728355407715
plot_739.png,3.590831756591797
plot_142.png,3.5913548469543457
plot_1629.png,3.591677188873291
plot_422.png,3.592555046081543
plot_772.png,3.5927603244781494
plot_1726.png,3.5933406352996826
plot_1164.png,3.5933611392974854
plot_1024.png,3.593474864959717
plot_943.png,3.593588829040528
plot_765.png,3.593602418899536
plot_38.png,3.5937623977661133
plot_1892.png,3.594395875930786
plot_1252.png,3.5946590900421143
plot_1647.png,3.595691204071045
plot_505.png,3.596008062362671
plot_1748.png,3.596031188964844
plot_697.png,3.596078872680664
plot_1511.png,3.596333742141724
plot_364.png,3.5966949462890625
plot_479.png,3.5968165397644043
plot_563.png,3.5968234539031982
plot_532.png,3.597257375717163
plot_1426.png,3.5983307361602783
plot_1463.png,3.598927021026612
plot_395.png,3.599001169204712
plot_75.png,3.599417209625244
plot_293.png,3.599748611450196
plot_485.png,3.600100040435791
plot_33.png,3.600404977798462
plot_1869.png,3.601229190826416
plot_168.png,3.6012847423553467
plot_1509.png,3.602064847946167
plot_1073.png,3.6033222675323486
plot_1176.png,3.603662252426148
plot_1566.png,3.603832006454468
plot_182.png,3.603892803192138
plot_234.png,3.605014562606812
plot_1867.png,3.605388879776001
plot_52.png,3.605847835540772
plot_409.png,3.606626510620117
plot_1273.png,3.6069302558898926
plot_1344.png,3.60769295692444
plot_1348.png,3.607698440551758
plot_472.png,3.608155012130737
plot_1205.png,3.608699798583984
plot_921.png,3.608736753463745
plot_77.png,3.608747005462648
plot_924.png,3.609071731567383
plot_1167.png,3.609166383743286
plot_1505.png,3.6100282669067374
plot_217.png,3.610081911087036
plot_2016.png,3.610565662384033
plot_230.png,3.6105940341949454
plot_603.png,3.611278533935547
plot_61.png,3.6120429039001465
plot_10.png,3.612088680267334
plot_1654.png,3.612612247467041
plot_1481.png,3.612847328186035
plot_839.png,3.61319351196289
plot_1722.png,3.613230228424072
plot_1638.png,3.613417625427246
plot_651.png,3.6138854026794434
plot_534.png,3.613948106765747
plot_930.png,3.613983154296875
plot_162.png,3.614349365234375
plot_2028.png,3.6145989894866943
plot_920.png,3.616152048110962
plot_1051.png,3.6164281368255615
plot_224.png,3.616929054260254
plot_120.png,3.61765718460083
plot_1677.png,3.61832857131958
plot_197.png,3.618484497070313
plot_1812.png,3.619542360305786
plot_1353.png,3.619642496109009
plot_741.png,3.6201016902923584
plot_1962.png,3.6203978061676025
plot_1997.png,3.6206350326538086
plot_251.png,3.621157646179199
plot_1886.png,3.621506929397583
plot_1570.png,3.621718645095825
plot_1397.png,3.622076749801636
plot_1100.png,3.6221261024475098
plot_1479.png,3.622790575027466
plot_1939.png,3.623277425765991
plot_600.png,3.6234402656555176
plot_467.png,3.623569011688232
plot_319.png,3.6237215995788574
plot_881.png,3.623873710632324
plot_1150.png,3.623920202255249
plot_949.png,3.6245083808898926
plot_914.png,3.6247034072875977
plot_2000.png,3.624801635742188
plot_1320.png,3.624917268753052
plot_893.png,3.625396251678467
plot_587.png,3.625608444213867
plot_984.png,3.625767707824707
plot_1513.png,3.626579999923706
plot_1620.png,3.6281936168670654
plot_1873.png,3.628868579864502
plot_1703.png,3.629033327102661
plot_966.png,3.629195213317871
plot_1078.png,3.630292654037476
plot_1747.png,3.630769014358521
plot_1955.png,3.63100790977478
plot_1485.png,3.632057666778565
plot_542.png,3.6323165893554688
plot_1789.png,3.6332855224609375
plot_841.png,3.63372802734375
plot_988.png,3.634055614471436
plot_1431.png,3.634654521942138
plot_1826.png,3.6347250938415527
plot_1256.png,3.635476112365722
plot_970.png,3.635791063308716
plot_218.png,3.635879039764404
plot_194.png,3.636221408843994
plot_403.png,3.636271953582764
plot_832.png,3.636751174926758
plot_613.png,3.6368775367736816
plot_1284.png,3.6369688510894775
plot_1967.png,3.6371004581451416
plot_540.png,3.637283325195313
plot_1028.png,3.637350559234619
plot_1639.png,3.637874126434326
plot_544.png,3.6391334533691406
plot_1729.png,3.639214277267456
plot_1774.png,3.639635801315308
plot_1818.png,3.639861583709717
plot_338.png,3.64005184173584
plot_354.png,3.6402974128723145
plot_1978.png,3.640825271606445
plot_1277.png,3.642881155014038
plot_799.png,3.643350839614868
plot_1268.png,3.643828630447388
plot_1744.png,3.644301652908325
plot_1021.png,3.644830703735352
plot_1605.png,3.645268440246582
plot_1619.png,3.645330905914306
plot_1585.png,3.645642757415772
plot_1015.png,3.646151304244995
plot_44.png,3.6462926864624015
plot_886.png,3.6470794677734375
plot_2022.png,3.6472225189208975
plot_349.png,3.647727489471436
plot_511.png,3.6480190753936768
plot_90.png,3.6483867168426514
plot_589.png,3.6484029293060303
plot_588.png,3.649940490722656
plot_1514.png,3.6500730514526367
plot_1165.png,3.6503286361694336
plot_1418.png,3.650648355484009
plot_1521.png,3.65069031715393
plot_89.png,3.650761604309082
plot_955.png,3.651057004928589
plot_1416.png,3.651118040084839
plot_1067.png,3.651657819747925
plot_1223.png,3.651676893234253
plot_968.png,3.6518054008483887
plot_509.png,3.6521503925323486
plot_1948.png,3.6524887084960938
plot_1526.png,3.6528027057647705
plot_861.png,3.653800487518311
plot_1938.png,3.654443502426148
plot_1636.png,3.655539274215698
plot_801.png,3.655609130859375
plot_1283.png,3.655672788619995
plot_1322.png,3.6559371948242174
plot_2010.png,3.6566379070281982
plot_1667.png,3.657116889953613
plot_1244.png,3.6572089195251465
plot_1328.png,3.657225847244263
plot_400.png,3.657367706298828
plot_1001.png,3.6575424671173096
plot_1751.png,3.658136606216431
plot_831.png,3.658397436141968
plot_109.png,3.658416509628296
plot_1138.png,3.658536434173584
plot_1503.png,3.659027338027954
plot_136.png,3.65925407409668
plot_848.png,3.660212993621826
plot_978.png,3.6602935791015625
plot_1325.png,3.6607179641723633
plot_1335.png,3.661121845245361
plot_1038.png,3.661442279815674
plot_680.png,3.662073373794556
plot_1276.png,3.66248083114624
plot_1271.png,3.6634273529052734
plot_905.png,3.6634559631347656
plot_862.png,3.66374135017395
plot_1308.png,3.663931131362915
plot_2015.png,3.664044380187988
plot_626.png,3.664186477661133
plot_1798.png,3.664478540420532
plot_681.png,3.665316343307495
plot_584.png,3.665670156478882
plot_1145.png,3.665692567825317
plot_633.png,3.666364908218384
plot_1004.png,3.667100667953491
plot_250.png,3.667324781417847
plot_450.png,3.667912483215332
plot_322.png,3.668199777603149
plot_620.png,3.668689727783203
plot_435.png,3.6687283515930176
plot_1178.png,3.669748783111572
plot_1103.png,3.6704587936401367
plot_14.png,3.670952081680298
plot_271.png,3.670961380004883
plot_1449.png,3.671349287033081
plot_1868.png,3.671610116958618
plot_391.png,3.673168659210205
plot_1394.png,3.673183441162109
plot_1433.png,3.673803806304932
plot_937.png,3.674156665802002
plot_1813.png,3.674796104431152
plot_878.png,3.675401210784912
plot_716.png,3.675892353057861
plot_119.png,3.676708936691284
plot_380.png,3.67743444442749
plot_1713.png,3.677876234054565
plot_708.png,3.6780831813812256
plot_1233.png,3.6781952381134033
plot_405.png,3.678323745727539
plot_940.png,3.6784963607788086
plot_894.png,3.6787357330322266
plot_432.png,3.678953170776367
plot_998.png,3.679245710372925
plot_1984.png,3.679743766784668
plot_1060.png,3.680031299591065
plot_644.png,3.680503845214844
plot_1760.png,3.6807146072387695
plot_1642.png,3.680783033370972
plot_593.png,3.680798768997192
plot_1245.png,3.6809349060058594
plot_1201.png,3.681584596633911
plot_312.png,3.681990385055542
plot_786.png,3.682331085205078
plot_393.png,3.682515144348145
plot_1840.png,3.682750940322876
plot_594.png,3.683074474334717
plot_972.png,3.683814525604248
plot_179.png,3.684191226959229
plot_419.png,3.6845009326934814
plot_1921.png,3.684871912002564
plot_1086.png,3.685115575790405
plot_1706.png,3.685423612594605
plot_1881.png,3.68658709526062
plot_751.png,3.687023878097534
plot_1564.png,3.687456130981445
plot_1688.png,3.687654733657837
plot_962.png,3.6877129077911377
plot_30.png,3.688234567642212
plot_537.png,3.6882619857788086
plot_72.png,3.688724279403688
plot_1821.png,3.68961763381958
plot_1312.png,3.689861297607422
plot_265.png,3.6901605129241934
plot_1364.png,3.6902050971984863
plot_1917.png,3.690395832061768
plot_1839.png,3.691064596176148
plot_476.png,3.692054510116577
plot_1500.png,3.692272424697876
plot_880.png,3.692486047744751
plot_412.png,3.692629814147949
plot_1355.png,3.692639112472534
plot_326.png,3.692883968353272
plot_1248.png,3.6931052207946777
plot_1877.png,3.693126201629639
plot_528.png,3.693410396575928
plot_252.png,3.6937105655670166
plot_570.png,3.693753480911255
plot_624.png,3.694126605987549
plot_226.png,3.6946825981140137
plot_860.png,3.695492029190064
plot_897.png,3.696753025054932
plot_910.png,3.696999311447144
plot_757.png,3.6978659629821777
plot_1879.png,3.6981334686279297
plot_576.png,3.6984901428222656
plot_1876.png,3.699456691741944
plot_945.png,3.699669122695923
plot_598.png,3.700076580047608
plot_1852.png,3.700385808944702
plot_1546.png,3.7005112171173096
plot_42.png,3.700597047805786
plot_1336.png,3.701353073120117
plot_1072.png,3.702604293823242
plot_1853.png,3.7030375003814697
plot_273.png,3.7034192085266113
plot_1196.png,3.704315423965454
plot_1670.png,3.704325199127197
plot_1658.png,3.704481840133667
plot_1557.png,3.705182552337648
plot_617.png,3.705955982208252
plot_300.png,3.70621657371521
plot_1966.png,3.706656217575073
plot_727.png,3.707155466079712
plot_870.png,3.707228660583496
plot_725.png,3.707612991333008
plot_1372.png,3.709091663360596
plot_1804.png,3.709335803985596
plot_938.png,3.709366798400879
plot_520.png,3.709995031356812
plot_1824.png,3.7103872299194336
plot_1797.png,3.7105541229248047
plot_1064.png,3.710970401763916
plot_596.png,3.710999011993408
plot_360.png,3.7115964889526367
plot_1080.png,3.711639642715454
plot_321.png,3.7117958068847656
plot_768.png,3.7119529247283936
plot_1523.png,3.71224856376648
plot_933.png,3.7123751640319824
plot_838.png,3.7130417823791504
plot_464.png,3.713537216186523
plot_685.png,3.713757276535034
plot_353.png,3.713975667953491
plot_67.png,3.714701652526856
plot_1144.png,3.715147495269776
plot_756.png,3.71571946144104
plot_96.png,3.7158236503601074
plot_1447.png,3.716220617294312
plot_1022.png,3.716712951660156
plot_504.png,3.716836214065552
plot_1516.png,3.717621088027954
plot_1467.png,3.717643022537232
plot_635.png,3.717665195465088
plot_1874.png,3.717883586883545
plot_279.png,3.719355583190918
plot_1809.png,3.719582557678223
plot_1578.png,3.7198715209960938
plot_942.png,3.7203526496887207
plot_1288.png,3.72126054763794
plot_147.png,3.722056150436402
plot_1855.png,3.72241735458374
plot_448.png,3.72269868850708
plot_384.png,3.7233901023864746
plot_791.png,3.724077701568604
plot_906.png,3.724887371063232
plot_850.png,3.7250704765319824
plot_1304.png,3.725097417831421
plot_1109.png,3.726137399673462
plot_501.png,3.726677894592285
plot_122.png,3.727175951004028
plot_1417.png,3.7277441024780273
plot_546.png,3.727891206741333
plot_1460.png,3.728272438049317
plot_1525.png,3.728460311889648
plot_1633.png,3.728990077972412
plot_758.png,3.7290077209472656
plot_582.png,3.729056835174561
plot_637.png,3.729758739471436
plot_1478.png,3.730091571807861
plot_1611.png,3.730291843414306
plot_795.png,3.7304859161376953
plot_177.png,3.7308096885681152
plot_527.png,3.7310478687286377
plot_314.png,3.731246709823608
plot_1.png,3.732401609420776
plot_826.png,3.732891798019409
plot_1637.png,3.733004093170166
plot_548.png,3.733461141586304
plot_1541.png,3.733903646469116
plot_866.png,3.734161853790283
plot_1721.png,3.7343263626098633
plot_1884.png,3.734554529190064
plot_1247.png,3.7348172664642334
plot_714.png,3.7350687980651855
plot_985.png,3.735121965408325
plot_285.png,3.7351694107055664
plot_1965.png,3.735211372375488
plot_309.png,3.735463380813599
plot_1278.png,3.735588312149048
plot_1686.png,3.736117839813232
plot_1488.png,3.736847162246704
plot_303.png,3.737503051757813
plot_1685.png,3.738167524337769
plot_1071.png,3.738497257232666
plot_204.png,3.739307165145874
plot_960.png,3.739739894866944
plot_604.png,3.740381956100464
plot_1102.png,3.7406973838806152
plot_1527.png,3.74078369140625
plot_736.png,3.740816354751587
plot_1808.png,3.741066932678223
plot_1958.png,3.741189002990722
plot_912.png,3.7412288188934326
plot_327.png,3.7415339946746826
plot_307.png,3.742295026779175
plot_444.png,3.743351459503174
plot_728.png,3.7434141635894775
plot_341.png,3.743617534637451
plot_416.png,3.744186639785767
plot_1779.png,3.744382619857788
plot_1573.png,3.7446694374084473
plot_1645.png,3.7449135780334473
plot_1222.png,3.7450904846191406
plot_847.png,3.745281934738159
plot_2021.png,3.745622158050537
plot_1835.png,3.745678186416626
plot_494.png,3.745748281478882
plot_1923.png,3.746048212051392
plot_521.png,3.746161460876465
plot_32.png,3.7461962699890137
plot_469.png,3.746201515197754
plot_1780.png,3.746258020401001
plot_592.png,3.7468223571777344
plot_1781.png,3.747316360473633
plot_828.png,3.7482056617736816
plot_1239.png,3.748299598693848
plot_1621.png,3.748342752456665
plot_1512.png,3.748807907104492
plot_1777.png,3.7506918907165527
plot_621.png,3.7510111331939697
plot_545.png,3.7519938945770255
plot_703.png,3.7523033618927
plot_516.png,3.7531113624572754
plot_223.png,3.753361701965332
plot_1740.png,3.753441333770752
plot_438.png,3.753689765930176
plot_385.png,3.753781795501709
plot_110.png,3.75378680229187
plot_1691.png,3.754009485244751
plot_871.png,3.754115581512451
plot_698.png,3.7547688484191895
plot_69.png,3.755127668380737
plot_1696.png,3.755385875701904
plot_258.png,3.7554540634155273
plot_785.png,3.755959272384644
plot_1136.png,3.756669998168945
plot_1995.png,3.756822347640991
plot_269.png,3.7572813034057617
plot_1693.png,3.7577075958251953
plot_654.png,3.757862091064453
plot_1699.png,3.757883310317993
plot_1158.png,3.758209705352783
plot_451.png,3.758670330047608
plot_1563.png,3.759363889694214
plot_1776.png,3.759574174880981
plot_1888.png,3.760499954223633
plot_1369.png,3.761128902435303
plot_1896.png,3.762701749801636
plot_1255.png,3.763091564178467
plot_551.png,3.763209819793701
plot_1823.png,3.763317108154297
plot_1907.png,3.764345645904541
plot_1202.png,3.764854669570923
plot_1253.png,3.765211582183838
plot_734.png,3.765593528747559
plot_550.png,3.765815496444702
plot_163.png,3.7658417224884033
plot_1613.png,3.766379117965698
plot_426.png,3.7683260440826416
plot_97.png,3.768350839614868
plot_331.png,3.768564701080322
plot_103.png,3.769611358642578
plot_2024.png,3.770250082015991
plot_297.png,3.7703311443328857
plot_1006.png,3.770896673202514
plot_1622.png,3.771241426467896
plot_1911.png,3.7718448638916016
plot_844.png,3.771939992904663
plot_1314.png,3.7726099491119385
plot_927.png,3.772940397262573
plot_1763.png,3.7736549377441406
plot_1998.png,3.773969888687134
plot_1462.png,3.7743515968322754
plot_1581.png,3.7747678756713854
plot_1952.png,3.774925708770752
plot_301.png,3.775068521499634
plot_1901.png,3.7752065658569336
plot_397.png,3.7757821083068848
plot_1849.png,3.775945901870728
plot_609.png,3.776360511779785
plot_798.png,3.777341365814209
plot_717.png,3.777896881103516
plot_253.png,3.7781169414520255
plot_526.png,3.778254508972168
plot_415.png,3.779130220413208
plot_764.png,3.779581069946289
plot_869.png,3.780181884765625
plot_305.png,3.780379295349121
plot_264.png,3.780486106872559
plot_1224.png,3.7809016704559326
plot_1770.png,3.781402111053467
plot_470.png,3.7822415828704834
plot_1656.png,3.782336711883545
plot_1991.png,3.782885789871216
plot_64.png,3.783310413360596
plot_1778.png,3.783644437789917
plot_977.png,3.783777475357056
plot_769.png,3.783933639526367
plot_706.png,3.784120798110962
plot_1971.png,3.7841310501098633
plot_1765.png,3.7848424911499023
plot_339.png,3.7855093479156494
plot_1750.png,3.7858808040618896
plot_115.png,3.785977840423584
plot_423.png,3.7859795093536377
plot_913.png,3.786367893218994
plot_655.png,3.786705017089844
plot_1307.png,3.786833047866821
plot_1723.png,3.787200689315796
plot_390.png,3.787255525588989
plot_24.png,3.7872681617736816
plot_370.png,3.787627696990967
plot_1925.png,3.787798404693604
plot_1936.png,3.78897762298584
plot_1609.png,3.789216041564941
plot_1132.png,3.789464473724365
plot_1499.png,3.789729833602905
plot_1771.png,3.789752244949341
plot_465.png,3.790103435516357
plot_357.png,3.790497779846192
plot_363.png,3.790581703186035
plot_1530.png,3.791524171829224
plot_1384.png,3.7919979095458975
plot_618.png,3.7923154830932617
plot_1054.png,3.792324304580689
plot_813.png,3.792479038238525
plot_1303.png,3.7937536239624015
plot_1210.png,3.793764114379883
plot_817.png,3.7939257621765137
plot_1302.png,3.794595956802368
plot_1695.png,3.7947983741760254
plot_1119.png,3.795724630355835
plot_1756.png,3.797314405441284
plot_762.png,3.798028707504273
plot_820.png,3.798241853713989
plot_199.png,3.7983412742614746
plot_559.png,3.798433780670166
plot_1745.png,3.798746347427368
plot_1127.png,3.799481868743897
plot_1801.png,3.79978609085083
plot_919.png,3.80054783821106
plot_1410.png,3.8012425899505615
plot_1050.png,3.801352024078369
plot_486.png,3.801694393157959
plot_1461.png,3.801839828491211
plot_782.png,3.801910877227783
plot_1666.png,3.80206298828125
plot_1130.png,3.802212715148926
plot_1508.png,3.802244186401367
plot_1870.png,3.8029377460479736
plot_255.png,3.80332088470459
plot_1625.png,3.80413556098938
plot_207.png,3.804240942001343
plot_536.png,3.804545402526856
plot_611.png,3.804564714431762
plot_1551.png,3.805050849914551
plot_755.png,3.805288076400757
plot_1908.png,3.805725574493408
plot_1915.png,3.805878400802612
plot_481.png,3.807574510574341
plot_1174.png,3.807592391967773
plot_1160.png,3.8081555366516113
plot_276.png,3.80843448638916
plot_13.png,3.808565855026245
plot_747.png,3.808800220489502
plot_807.png,3.809154987335205
plot_1762.png,3.809178352355957
plot_173.png,3.809253692626953
plot_1075.png,3.809727668762207
plot_214.png,3.810127258300781
plot_1990.png,3.810179948806762
plot_957.png,3.810340881347656
plot_954.png,3.810694694519043
plot_16.png,3.8107852935791016
plot_1345.png,3.8121087551116943
plot_726.png,3.812307357788086
plot_477.png,3.812623023986816
plot_212.png,3.812831401824951
plot_87.png,3.81381106376648
plot_683.png,3.814010143280029
plot_625.png,3.814242362976074
plot_1269.png,3.814574241638184
plot_6.png,3.814611434936523
plot_187.png,3.814785480499268
plot_1697.png,3.815138339996338
plot_1559.png,3.815208196640015
plot_1329.png,3.815304517745972
plot_1556.png,3.816407203674317
plot_482.png,3.816529512405396
plot_1490.png,3.8167028427124015
plot_377.png,3.816805362701416
plot_1880.png,3.816927909851074
plot_1389.png,3.817838430404663
plot_98.png,3.817928314208984
plot_1122.png,3.817944049835205
plot_1140.png,3.818561553955078
plot_205.png,3.8192138671875
plot_502.png,3.819570302963257
plot_288.png,3.8197059631347656
plot_1351.png,3.821277141571045
plot_1326.png,3.821469306945801
plot_459.png,3.82146954536438
plot_1318.png,3.8230252265930176
plot_287.png,3.823707818984986
plot_522.png,3.8238601684570312
plot_605.png,3.8239104747772217
plot_923.png,3.8239378929138175
plot_1347.png,3.825016021728516
plot_1497.png,3.825622320175171
plot_372.png,3.826075553894043
plot_1970.png,3.826329946517944
plot_663.png,3.8266210556030273
plot_375.png,3.8269448280334473
plot_538.png,3.827215433120728
plot_1123.png,3.827399969100952
plot_529.png,3.827794551849365
plot_2001.png,3.827867269515991
plot_1819.png,3.827926397323608
plot_1070.png,3.827974796295166
plot_1717.png,3.8280348777771
plot_1434.png,3.828683376312256
plot_1311.png,3.828794002532959
plot_556.png,3.829238176345825
plot_1851.png,3.829392910003662
plot_1107.png,3.829522848129273
plot_145.png,3.829579591751098
plot_1377.png,3.830267190933228
plot_1425.png,3.830397129058838
plot_948.png,3.831566572189331
plot_599.png,3.8323099613189697
plot_1510.png,3.8335041999816895
plot_389.png,3.834955930709839
plot_1977.png,3.835240125656128
plot_859.png,3.835400104522705
plot_2025.png,3.835583209991455
plot_1456.png,3.836119413375856
plot_1346.png,3.83622932434082
plot_1893.png,3.838013648986816
plot_1943.png,3.838371992111206
plot_517.png,3.838627576828003
plot_1338.png,3.83956527709961
plot_1532.png,3.8402061462402335
plot_1445.png,3.840327262878418
plot_23.png,3.84075927734375
plot_74.png,3.841336727142334
plot_362.png,3.8416225910186768
plot_1373.png,3.841833114624024
plot_439.png,3.842016220092773
plot_1843.png,3.842034816741944
plot_1816.png,3.843061447143554
plot_1192.png,3.8437209129333496
plot_1856.png,3.8442225456237793
plot_1195.png,3.844752788543701
plot_1340.png,3.8452188968658447
plot_1668.png,3.845415353775024
plot_366.png,3.845781564712525
plot_131.png,3.847301483154297
plot_711.png,3.847678661346436
plot_1381.png,3.847989559173584
plot_1286.png,3.84815526008606
plot_1058.png,3.848198413848877
plot_1544.png,3.848626375198364
plot_1056.png,3.848781108856201
plot_84.png,3.848798036575317
plot_1232.png,3.8489511013031006
plot_1841.png,3.84902548789978
plot_259.png,3.849420070648194
plot_17.png,3.8494679927825928
plot_1390.png,3.84960412979126
plot_1761.png,3.849714994430542
plot_433.png,3.8500351905822754
plot_1291.png,3.8504889011383057
plot_671.png,3.851342678070069
plot_827.png,3.852168083190918
plot_434.png,3.852323293685913
plot_1139.png,3.852528810501098
plot_206.png,3.85262942314148
plot_1471.png,3.853024244308472
plot_553.png,3.853782176971436
plot_1825.png,3.853813171386719
plot_1718.png,3.855413436889648
plot_468.png,3.8554201126098633
plot_1221.png,3.8564612865448
plot_186.png,3.856516599655152
plot_530.png,3.858192205429077
plot_318.png,3.861609935760498
plot_210.png,3.8617968559265137
plot_994.png,3.862809658050537
plot_1552.png,3.8630459308624254
plot_1814.png,3.8639376163482666
plot_641.png,3.864512443542481
plot_1424.png,3.864865303039551
plot_1829.png,3.864926338195801
plot_1678.png,3.865787267684937
plot_1280.png,3.866883993148804
plot_539.png,3.867741823196411
plot_944.png,3.868055820465088
plot_398.png,3.868107557296753
plot_340.png,3.868155717849731
plot_855.png,3.868265390396118
plot_806.png,3.8686842918396
plot_158.png,3.86881947517395
plot_1506.png,3.868830442428589
plot_231.png,3.869135618209839
plot_643.png,3.869188070297241
plot_1850.png,3.869293689727783
plot_900.png,3.86933970451355
plot_262.png,3.869642496109009
plot_1929.png,3.869713068008423
plot_1171.png,3.87016224861145
plot_1731.png,3.870175361633301
plot_872.png,3.870906114578247
plot_65.png,3.8713433742523193
plot_330.png,3.871769428253174
plot_691.png,3.871912717819214
plot_1492.png,3.871915817260742
plot_135.png,3.872345209121704
plot_2026.png,3.87250018119812
plot_1784.png,3.872765064239502
plot_1175.png,3.872791290283203
plot_1008.png,3.873712539672852
plot_628.png,3.8741068840026855
plot_748.png,3.8741941452026367
plot_1549.png,3.875058174133301
plot_590.png,3.8751144409179688
plot_368.png,3.875354051589966
plot_100.png,3.87565016746521
plot_1237.png,3.875819206237793
plot_1089.png,3.876175880432129
plot_1974.png,3.876794815063477
plot_1644.png,3.876914978027344
plot_1260.png,3.8769381046295166
plot_558.png,3.876986503601074
plot_1068.png,3.8784234523773193
plot_1724.png,3.879272222518921
plot_1443.png,3.8797953128814697
plot_1408.png,3.880361795425415
plot_1651.png,3.880575180053711
plot_1796.png,3.881450891494751
plot_418.png,3.881696224212648
plot_657.png,3.881821632385254
plot_909.png,3.882007122039795
plot_1927.png,3.882233619689941
plot_28.png,3.8824634552001953
plot_1279.png,3.882493257522583
plot_149.png,3.882617473602295
plot_1662.png,3.882716178894043
plot_1406.png,3.883173942565918
plot_1794.png,3.8836472034454346
plot_257.png,3.883690357208252
plot_738.png,3.884681701660156
plot_1034.png,3.8851664066314697
plot_1046.png,3.885373115539551
plot_1906.png,3.88541030883789
plot_766.png,3.8862929344177246
plot_934.png,3.8863093852996826
plot_1126.png,3.886901378631592
plot_1701.png,3.887206077575684
plot_543.png,3.8873350620269775
plot_993.png,3.8879857063293457
plot_1030.png,3.887997627258301
plot_1528.png,3.888936042785645
plot_929.png,3.889270782470703
plot_1117.png,3.890031576156616
plot_652.png,3.890118598937988
plot_1044.png,3.8911848068237305
plot_1382.png,3.891536235809326
plot_1803.png,3.891887903213501
plot_622.png,3.892352104187012
plot_1170.png,3.8926539421081534
plot_1357.png,3.8934483528137207
plot_1954.png,3.893465995788574
plot_917.png,3.893731832504273
plot_1315.png,3.895410537719727
plot_1399.png,3.895451068878174
plot_673.png,3.895526885986328
plot_1628.png,3.89576268196106
plot_399.png,3.897387981414795
plot_1684.png,3.898749828338623
plot_475.png,3.899035215377808
plot_1597.png,3.900131940841675
plot_967.png,3.900705814361572
plot_478.png,3.9007315635681152
plot_46.png,3.900914907455444
plot_1800.png,3.901521921157837
plot_702.png,3.9019112586975098
plot_15.png,3.902456760406494
plot_1536.png,3.902456998825073
plot_1889.png,3.9027388095855713
plot_1262.png,3.9030239582061768
plot_662.png,3.903334379196167
plot_1657.png,3.9037344455718994
plot_1113.png,3.9053163528442383
plot_101.png,3.905470132827759
plot_733.png,3.905883073806762
plot_2004.png,3.906425714492798
plot_1617.png,3.906663417816162
plot_1091.png,3.9068470001220703
plot_1106.png,3.90739679336548
plot_1405.png,3.907890796661377
plot_572.png,3.90918231010437
plot_157.png,3.90959906578064
plot_176.png,3.9099314212799072
plot_1439.png,3.9099745750427246
plot_1249.png,3.91135835647583
plot_1207.png,3.911752700805664
plot_506.png,3.913726568222046
plot_1979.png,3.914926767349243
plot_93.png,3.9150023460388175
plot_1646.png,3.9150588512420654
plot_1764.png,3.915708780288696
plot_1600.png,3.916549921035767
plot_1487.png,3.918037414550781
plot_1579.png,3.919002532958984
plot_731.png,3.9193813800811768
plot_1671.png,3.9207799434661865
plot_1076.png,3.920789241790772
plot_127.png,3.921220064163208
plot_383.png,3.921876192092896
plot_1031.png,3.9229602813720703
plot_1451.png,3.9232373237609854
plot_48.png,3.9236907958984375
plot_1362.png,3.9241819381713854
plot_1758.png,3.9251978397369385
plot_345.png,3.925732135772705
plot_830.png,3.92600154876709
plot_1538.png,3.92635440826416
plot_1036.png,3.926544427871704
plot_421.png,3.927030563354492
plot_1483.png,3.9274582862854
plot_51.png,3.927547931671143
plot_969.png,3.928386211395264
plot_1768.png,3.929868221282959
plot_619.png,3.931095600128174
plot_306.png,3.931212902069092
plot_823.png,3.932079792022705
plot_148.png,3.932279586791992
plot_1411.png,3.932316303253174
plot_169.png,3.933049201965332
plot_346.png,3.9354593753814697
plot_417.png,3.9355275630950928
plot_1365.png,3.9361958503723145
plot_1580.png,3.937175035476685
plot_682.png,3.937594413757324
plot_1321.png,3.9379148483276367
plot_1871.png,3.938502788543701
plot_233.png,3.9391818046569824
plot_244.png,3.940166473388672
plot_201.png,3.9403889179229736
plot_1894.png,3.940617084503174
plot_1539.png,3.941100835800171
plot_1746.png,3.941528797149658
plot_1101.png,3.942757606506348
plot_678.png,3.943306207656861
plot_286.png,3.943734407424927
plot_1059.png,3.946688175201416
plot_302.png,3.9477930068969727
plot_99.png,3.948877096176148
plot_267.png,3.950362920761109
plot_228.png,3.950584173202514
plot_1899.png,3.951803684234619
plot_561.png,3.952197551727295
plot_918.png,3.953505754470825
plot_597.png,3.953821182250977
plot_320.png,3.95450210571289
plot_693.png,3.955439329147339
plot_235.png,3.9558730125427246
plot_1014.png,3.957231760025024
plot_1591.png,3.959337711334229
plot_1403.png,3.959646463394165
plot_156.png,3.959887981414795
plot_887.png,3.960398197174072
plot_1007.png,3.9604458808898926
plot_1932.png,3.9612553119659424
plot_602.png,3.9615516662597656
plot_1854.png,3.96237063407898
plot_834.png,3.9625940322875977
plot_2033.png,3.962945461273194
plot_952.png,3.963659048080444
plot_144.png,3.964978933334351
plot_1690.png,3.966298818588257
plot_700.png,3.966468334197998
plot_31.png,3.967352151870728
plot_926.png,3.967745065689087
plot_337.png,3.967978239059448
plot_713.png,3.968058824539185
plot_1137.png,3.968754291534424
plot_885.png,3.9691922664642334
plot_892.png,3.9697341918945312
plot_965.png,3.9732165336608887
plot_1878.png,3.976156949996948
plot_679.png,3.9771127700805664
plot_1945.png,3.9779248237609854
plot_1166.png,3.978080272674561
plot_5.png,3.9781785011291504
plot_1415.png,3.978315114974976
plot_1649.png,3.978679895401001
plot_959.png,3.9788639545440674
plot_310.png,3.979024648666382
plot_334.png,3.979501724243164
plot_1700.png,3.979944944381714
plot_1709.png,3.982105016708374
plot_1368.png,3.982244729995728
plot_1782.png,3.982942819595337
plot_1018.png,3.983564376831055
plot_292.png,3.983742713928223
plot_1464.png,3.983750820159912
plot_737.png,3.98492431640625
plot_712.png,3.987191200256348
plot_1595.png,3.988962411880493
plot_245.png,3.9901816844940186
plot_1607.png,3.9903974533081055
plot_718.png,3.991255760192871
plot_1012.png,3.992962598800659
plot_1183.png,3.998785972595215
plot_140.png,4.002697944641113
plot_225.png,4.0030198097229
plot_1482.png,4.004284858703613
plot_974.png,4.005629062652588
plot_1226.png,4.005895614624023
plot_311.png,4.0061516761779785
plot_2029.png,4.007333755493164
plot_1502.png,4.009696006774902
plot_729.png,4.011255264282227
plot_420.png,4.013175964355469
plot_1890.png,4.016947746276856
plot_1129.png,4.017472267150879
plot_1817.png,4.019662857055664
plot_1407.png,4.022180557250977
plot_986.png,4.023567199707031
plot_1242.png,4.024185657501221
plot_495.png,4.024614334106445
plot_79.png,4.025435447692871
plot_956.png,4.025683403015137
plot_623.png,4.027585983276367
plot_852.png,4.031112194061279
plot_710.png,4.0321245193481445
plot_466.png,4.032364368438721
plot_656.png,4.032676696777344
plot_1211.png,4.033042907714844
plot_1584.png,4.0366315841674805
plot_60.png,4.037561893463135
plot_1147.png,4.038436412811279
plot_875.png,4.04464864730835
plot_1972.png,4.044955253601074
plot_1937.png,4.045284748077393
plot_953.png,4.045982837677002
plot_1324.png,4.046005725860596
plot_211.png,4.049650192260742
plot_1567.png,4.050478935241699
plot_1337.png,4.050599575042725
plot_1961.png,4.051939487457275
plot_1265.png,4.055912017822266
plot_2009.png,4.057106018066406
plot_1287.png,4.057373523712158
plot_1172.png,4.05759859085083
plot_1274.png,4.057837963104248
plot_804.png,4.057982444763184
plot_329.png,4.060702800750732
plot_165.png,4.062869548797607
plot_1491.png,4.068270206451416
plot_408.png,4.069982528686523
plot_1077.png,4.070714950561523
plot_640.png,4.0713725090026855
plot_1555.png,4.072876930236816
plot_649.png,4.076805591583252
plot_406.png,4.077102184295654
plot_864.png,4.077258110046387
plot_1296.png,4.077703952789307
plot_29.png,4.080372333526611
plot_1554.png,4.081223964691162
plot_1769.png,4.081433773040772
plot_1118.png,4.084235191345215
plot_1988.png,4.084763526916504
plot_574.png,4.08488655090332
plot_805.png,4.087239265441895
plot_2018.png,4.087550640106201
plot_266.png,4.088404655456543
plot_696.png,4.090444087982178
plot_1019.png,4.090902328491211
plot_1752.png,4.092769145965576
plot_1558.png,4.09337043762207
plot_1720.png,4.102280139923096
plot_1672.png,4.102520942687988
plot_174.png,4.103161334991455
plot_1108.png,4.106374263763428
plot_1440.png,4.107371330261231
plot_1859.png,4.107678890228272
plot_1822.png,4.108793258666992
plot_1623.png,4.109255313873291
plot_1125.png,4.1131768226623535
plot_1199.png,4.114092350006104
plot_324.png,4.118671417236328
plot_2035.png,4.119591236114502
plot_449.png,4.120005130767822
plot_1149.png,4.120707988739014
plot_1301.png,4.124537467956543
plot_1885.png,4.125097274780273
plot_1844.png,4.1280517578125
plot_1043.png,4.129912376403809
plot_36.png,4.130651473999023
plot_1131.png,4.13346529006958
plot_283.png,4.133955478668213
plot_606.png,4.135817050933838
plot_1208.png,4.136043548583984
plot_1423.png,4.13634729385376
plot_1180.png,4.136392116546631
plot_1188.png,4.136724472045898
plot_1924.png,4.138583183288574
plot_981.png,4.139690399169922
plot_1466.png,4.141164779663086
plot_1653.png,4.145037651062012
plot_249.png,4.146750926971436
plot_240.png,4.14850378036499
plot_1159.png,4.1487531661987305
plot_352.png,4.149665832519531
plot_1450.png,4.150547027587891
plot_1586.png,4.152724266052246
plot_151.png,4.153115272521973
plot_1005.png,4.153969764709473
plot_1489.png,4.154294013977051
plot_577.png,4.156872272491455
plot_907.png,4.158261775970459
plot_121.png,4.158606052398682
plot_1401.png,4.160039901733398
plot_500.png,4.162343978881836
plot_583.png,4.164076328277588
plot_675.png,4.16423225402832
plot_47.png,4.165990352630615
plot_1002.png,4.170935153961182
plot_1306.png,4.172301292419434
plot_1409.png,4.173388957977295
plot_1350.png,4.1748948097229
plot_1537.png,4.175468444824219
plot_1681.png,4.175665855407715
plot_134.png,4.182158946990967
plot_1897.png,4.186275482177734
plot_50.png,4.187423706054688
plot_783.png,4.187741279602051
plot_1737.png,4.189487457275391
plot_876.png,4.191431522369385
plot_1842.png,4.191967010498047
plot_1438.png,4.19270658493042
plot_750.png,4.193325996398926
plot_1339.png,4.196391105651856
plot_1254.png,4.197197914123535
plot_1865.png,4.198612213134766
plot_2008.png,4.199065685272217
plot_797.png,4.200512409210205
plot_1631.png,4.202933311462402
plot_1428.png,4.20367431640625
plot_1446.png,4.204594135284424
plot_26.png,4.208250522613525
plot_1421.png,4.208906173706055
plot_413.png,4.211133003234863
plot_674.png,4.211337089538574
plot_1114.png,4.214725971221924
plot_950.png,4.2223734855651855
plot_524.png,4.223089218139648
plot_648.png,4.223991394042969
plot_1396.png,4.229884624481201
plot_1204.png,4.232813358306885
plot_2005.png,4.234603404998779
plot_1146.png,4.238402366638184
plot_1643.png,4.247591018676758
plot_796.png,4.247672080993652
plot_669.png,4.248653411865234
plot_1203.png,4.250672817230225
plot_113.png,4.251295566558838
plot_2014.png,4.251633644104004
plot_808.png,4.253482341766357
plot_614.png,4.254636287689209
plot_1453.png,4.257422924041748
plot_1097.png,4.26215124130249
plot_1473.png,4.262391090393066
plot_1259.png,4.264467239379883
plot_749.png,4.267882823944092
plot_1624.png,4.272554874420166
plot_595.png,4.277156829833984
plot_882.png,4.277237415313721
plot_112.png,4.281623840332031
plot_721.png,4.281997203826904
plot_34.png,4.28372859954834
plot_1757.png,4.285433292388916
plot_1133.png,4.288004398345947
plot_463.png,4.291413307189941
plot_601.png,4.29519510269165
plot_1583.png,4.295923709869385
plot_632.png,4.297013282775879
plot_705.png,4.297521114349365
plot_1061.png,4.298170566558838
plot_740.png,4.302338123321533
plot_1352.png,4.305099964141846
plot_1065.png,4.305187702178955
plot_1592.png,4.308004856109619
plot_1459.png,4.327611446380615
plot_1437.png,4.332544803619385
plot_336.png,4.336612701416016
plot_304.png,4.340500354766846
plot_1285.png,4.374449253082275
plot_1910.png,4.374660968780518
plot_150.png,4.381925582885742
plot_291.png,4.39398193359375
plot_1186.png,4.402920722961426
plot_911.png,4.40994930267334
plot_1992.png,4.419423580169678
plot_793.png,4.429016590118408
plot_1444.png,4.446049690246582
plot_263.png,4.451572895050049
plot_1604.png,4.452223777770996
plot_743.png,4.458981990814209
plot_1402.png,4.463164806365967
plot_692.png,4.685284614562988
img-542.png,4.685723781585693
img-1968.png,4.685891151428223
img-948.png,4.6917572021484375
img-1427.png,4.6938958168029785
img-1448.png,4.69568395614624
img-564.png,4.695957183837891
img-1621.png,4.701942443847656
img-1960.png,4.702267169952393
img-1622.png,4.70269250869751
img-377.png,4.704256534576416
img-1715.png,4.7063493728637695
img-1996.png,4.70754337310791
img-1325.png,4.708407878875732
img-1716.png,4.708951473236084
img-1108.png,4.709723949432373
img-1938.png,4.714589595794678
img-1478.png,4.715582370758057
img-974.png,4.715763092041016
img-756.png,4.718424320220947
img-1717.png,4.718841552734375
img-179.png,4.720738410949707
img-1368.png,4.722076416015625
img-1667.png,4.727163314819336
img-1496.png,4.732218265533447
img-742.png,4.736272811889648
img-1648.png,4.748671531677246
img-579.png,4.750840663909912
img-366.png,4.753945827484131
img-1538.png,4.754070281982422
img-515.png,4.755185604095459
img-275.png,4.760425567626953
img-105.png,4.76169490814209
img-432.png,4.76582145690918
img-1904.png,4.767230033874512
img-954.png,4.772282123565674
img-985.png,4.772671699523926
img-953.png,4.7766618728637695
img-1534.png,4.779269218444824
img-610.png,4.779658317565918
img-177.png,4.783196926116943
img-647.png,4.783252239227295
img-1346.png,4.787414073944092
img-909.png,4.790065288543701
img-369.png,4.791076183319092
img-2011.png,4.792189598083496
img-716.png,4.79259204864502
img-1740.png,4.792996883392334
img-59.png,4.792996883392334
img-1309.png,4.796623229980469
img-1645.png,4.800162315368652
img-1890.png,4.801577091217041
img-1072.png,4.802668571472168
img-1037.png,4.823535919189453
img-169.png,4.823919296264648
img-1498.png,4.825252532958984
img-1796.png,4.826719760894775
img-1221.png,4.832850456237793
img-424.png,4.838577747344971
img-196.png,4.839436054229736
img-1528.png,4.839842796325684
img-1033.png,4.844005584716797
img-540.png,4.844919681549072
img-1572.png,4.8476996421813965
img-966.png,4.854678630828857
img-1799.png,4.859477519989014
img-1776.png,4.864274024963379
img-736.png,4.864678859710693
img-2003.png,4.872192859649658
img-478.png,4.873654365539551
img-364.png,4.876626014709473
img-220.png,4.876763343811035
img-1591.png,4.87819766998291
img-1642.png,4.879054069519043
img-667.png,4.88308572769165
img-1719.png,4.883147239685059
img-1252.png,4.889355659484863
img-1660.png,4.890480995178223
img-1061.png,4.902476787567139
img-1453.png,4.90587854385376
img-1466.png,4.906242370605469
img-1877.png,4.910617351531982
img-1978.png,4.917082786560059
img-1145.png,4.919113159179688
img-565.png,4.919699668884277
img-838.png,4.926089286804199
img-1551.png,4.926741600036621
img-1872.png,4.941589832305908
img-1999.png,4.945796966552734
img-1626.png,4.94588041305542
img-1616.png,4.946077823638916
img-1440.png,4.946364402770996
img-475.png,4.951085090637207
img-249.png,4.952886581420898
img-763.png,4.960060119628906
img-19.png,4.967909812927246
img-897.png,4.968491077423096
img-1818.png,4.970217227935791
img-1820.png,4.977046012878418
img-1748.png,4.981659412384033
img-165.png,4.989729881286621
img-1095.png,4.992682456970215
img-522.png,5.01973819732666
img-1641.png,5.022526741027832
img-1271.png,5.025360584259033
img-120.png,5.02858829498291
img-1659.png,5.030066013336182
img-1661.png,5.032599925994873
img-2037.png,5.033760070800781
img-539.png,5.044299125671387
img-1635.png,5.045835018157959
img-807.png,5.066442012786865
img-1212.png,5.070437431335449
img-1402.png,5.079061508178711
img-397.png,5.084471702575684
img-1133.png,5.0851335525512695
img-1531.png,5.091008186340332
img-129.png,5.12548828125
img-2009.png,5.135839939117432
img-653.png,5.138818264007568
img-748.png,5.142673969268799
img-529.png,5.15006685256958
img-616.png,5.170234203338623
img-77.png,5.193103790283203
img-1388.png,5.195123672485352
img-116.png,5.234126091003418
img-1308.png,5.245701789855957
img-1936.png,5.246002197265625
img-118.png,5.24824857711792
img-741.png,5.294681549072266
img-585.png,5.344526290893555
img-839.png,5.357196807861328
img-1979.png,5.408276081085205
img-1762.png,5.543396472930908
img-1240.png,5.794004440307617
