img_name,"laion&(simulacra:['img-1762.png', 'img-1240.png'])_score"
img-1264.png,5.982008934020996
img-477.png,5.786673545837402
img-1257.png,5.881542205810547
img-590.png,5.982359886169434
img-37.png,5.806638717651367
img-1303.png,5.849139213562012
img-168.png,6.42781925201416
img-220.png,6.325324058532715
img-1702.png,5.54239559173584
img-1714.png,5.604717254638672
img-1546.png,5.996392726898193
img-1637.png,5.498067855834961
img-1434.png,5.526958465576172
img-1777.png,5.798717975616455
img-425.png,5.694568634033203
img-1239.png,5.912471771240234
img-1750.png,5.60629940032959
img-1631.png,5.478632926940918
img-530.png,5.83192253112793
img-1689.png,5.455399513244629
img-1898.png,5.547854900360107
img-1980.png,5.4728102684021
img-656.png,5.5005364418029785
img-1170.png,6.17259693145752
img-847.png,5.488160133361816
img-1497.png,5.864612579345703
img-1754.png,5.693853378295898
img-2021.png,5.871726036071777
img-1901.png,5.886853218078613
img-1131.png,5.866909980773926
img-1549.png,5.613417148590088
img-1033.png,5.798347473144531
img-1585.png,5.847017288208008
img-891.png,5.760673999786377
img-580.png,5.52030086517334
img-745.png,5.796292304992676
img-527.png,5.718477725982666
img-1201.png,5.877828121185303
img-273.png,5.8127546310424805
img-1802.png,5.692290782928467
img-1000.png,5.5257062911987305
img-1143.png,5.556325435638428
img-479.png,5.847017288208008
img-108.png,5.50256872177124
img-1913.png,5.958689689636231
img-722.png,6.195650577545166
img-98.png,6.377816200256348
img-1932.png,5.86253547668457
img-1679.png,5.838943004608154
img-1582.png,5.4913177490234375
img-333.png,5.738445281982422
img-297.png,6.275413513183594
img-816.png,5.975917816162109
img-1141.png,5.9004011154174805
img-469.png,5.448843479156494
img-761.png,5.658637046813965
img-1868.png,5.593096256256104
img-129.png,6.203289985656738
img-815.png,5.4949445724487305
img-239.png,5.670718193054199
img-949.png,5.712895393371582
img-724.png,5.852355003356934
img-1559.png,5.657678604125977
img-1762.png,5.543396472930908
img-363.png,6.027909278869629
img-1182.png,5.9687371253967285
img-1054.png,5.983790397644043
img-65.png,5.51593542098999
img-1105.png,5.676937103271484
img-837.png,5.528653621673584
img-1177.png,5.847017288208008
img-1577.png,5.929567337036133
img-1163.png,5.802142143249512
img-1997.png,5.500962734222412
img-264.png,5.633835792541504
img-436.png,6.992938041687012
img-1011.png,5.552826881408691
img-1048.png,5.681675434112549
img-1354.png,5.459194183349609
img-1518.png,5.590251922607422
img-1424.png,5.822189331054688
img-956.png,5.651108741760254
img-679.png,5.441713333129883
img-329.png,5.786314487457275
img-1555.png,5.517956733703613
img-1492.png,5.669652938842773
img-419.png,5.621834754943848
img-776.png,5.565698623657227
img-255.png,5.493947982788086
img-1537.png,5.444033145904541
img-657.png,5.869000434875488
img-2029.png,5.911055564880371
img-1152.png,5.764108657836914
img-1081.png,5.826653957366943
img-396.png,5.809078216552734
img-760.png,5.67439603805542
img-1587.png,5.74120044708252
img-1510.png,5.703489780426025
img-1012.png,5.848967552185059
img-1071.png,5.761742115020752
img-1663.png,6.088916778564453
img-1779.png,5.506089687347412
img-328.png,5.681523323059082
img-1202.png,5.772690773010254
img-1385.png,5.901453971862793
img-559.png,5.562853813171387
img-143.png,5.493979454040527
img-912.png,5.668560028076172
img-1199.png,5.547894477844238
img-130.png,5.756605625152588
img-579.png,5.448032379150391
img-616.png,5.495560169219971
img-576.png,5.587048053741455
img-928.png,6.576609611511231
img-1685.png,5.813346862792969
img-1476.png,6.14439868927002
img-357.png,5.546431064605713
img-1244.png,5.76923131942749
img-1935.png,5.623068332672119
img-1710.png,5.574009895324707
img-799.png,5.609324455261231
img-1705.png,5.745163917541504
img-1175.png,5.444583892822266
img-404.png,5.457322120666504
img-1062.png,6.512918472290039
img-1149.png,6.337389945983887
img-1093.png,5.619541168212891
img-352.png,5.467007637023926
img-1970.png,5.644161701202393
img-879.png,5.658637046813965
img-343.png,5.898055076599121
img-476.png,5.544188022613525
img-536.png,5.989945888519287
img-635.png,5.808207511901856
img-1620.png,5.506699085235596
img-1636.png,5.5510101318359375
img-829.png,5.649377822875977
img-1731.png,6.074644088745117
img-2013.png,5.755075931549072
img-1449.png,5.720976829528809
img-196.png,5.748016357421875
img-945.png,5.787647247314453
img-826.png,5.592889785766602
img-1235.png,5.5525007247924805
img-107.png,5.649832725524902
img-1991.png,5.658637046813965
img-1195.png,5.511317729949951
img-899.png,5.731480598449707
img-1404.png,5.5257062911987305
img-1859.png,5.763827323913574
img-1722.png,6.141035079956055
img-390.png,5.876100063323975
img-1113.png,5.716699600219727
img-1223.png,5.930868148803711
img-1911.png,5.811203479766846
img-430.png,5.52534294128418
img-490.png,5.576372623443604
img-1989.png,5.992401599884033
img-1599.png,5.755636215209961
img-874.png,5.899004936218262
img-992.png,5.45595645904541
img-1903.png,5.61605167388916
img-288.png,5.566802024841309
img-222.png,6.142814636230469
img-1803.png,5.628913402557373
img-1895.png,6.010732650756836
img-394.png,6.17259693145752
img-1217.png,5.506263256072998
img-1747.png,5.620521068572998
img-1086.png,5.721123218536377
img-517.png,6.086028099060059
img-1790.png,5.666928768157959
img-739.png,5.544965744018555
img-589.png,6.032804489135742
img-1946.png,5.893773078918457
img-639.png,5.86253547668457
img-349.png,6.080965995788574
img-1240.png,5.794004440307617
img-921.png,5.847017288208008
img-1219.png,5.493979454040527
img-76.png,5.868913173675537
img-174.png,5.847017288208008
img-68.png,5.573777198791504
img-2010.png,5.658637046813965
img-698.png,5.461892604827881
img-320.png,5.956419944763184
img-1936.png,5.75993013381958
img-56.png,5.638615608215332
img-1738.png,5.884584426879883
plot_1066.png,3.948022603988648
plot_1079.png,3.856022596359253
plot_1152.png,3.704501390457153
plot_344.png,4.031932353973389
plot_56.png,3.801732063293457
plot_1872.png,3.4591593742370605
plot_222.png,3.621187210083008
plot_200.png,4.093817710876465
plot_1334.png,4.429778099060059
plot_512.png,4.081149101257324
plot_1650.png,3.5721681118011475
plot_192.png,3.4264883995056152
plot_992.png,4.361270904541016
plot_3.png,4.155741691589356
plot_883.png,4.291529178619385
plot_1197.png,4.490068435668945
plot_1543.png,4.51710319519043
plot_1660.png,4.201877593994141
plot_1333.png,3.4706907272338867
plot_437.png,4.812530517578125
plot_315.png,4.132977485656738
plot_1887.png,4.395867824554443
plot_1815.png,4.508889675140381
plot_908.png,4.06265115737915
plot_457.png,4.750086784362793
plot_687.png,4.260285377502441
plot_190.png,4.347612380981445
plot_973.png,4.431962490081787
plot_1725.png,3.965038061141968
plot_71.png,3.9191083908081055
plot_86.png,3.852747678756714
plot_815.png,4.0753092765808105
plot_1331.png,4.0261077880859375
plot_2037.png,4.4776153564453125
plot_1601.png,4.677288055419922
plot_1313.png,4.879498481750488
plot_1635.png,4.500491142272949
plot_1900.png,4.391115188598633
plot_1793.png,4.096565246582031
plot_1250.png,4.198770523071289
plot_784.png,4.6054534912109375
plot_1941.png,4.328736305236816
plot_1610.png,4.452647686004639
plot_1029.png,3.947520732879639
plot_1735.png,4.510964393615723
plot_246.png,3.5990233421325684
plot_1930.png,4.369745254516602
plot_1000.png,3.5988380908966064
plot_1710.png,4.205477714538574
plot_356.png,4.460962295532227
plot_1634.png,4.0142998695373535
plot_1376.png,3.8056135177612314
plot_845.png,4.818617820739746
plot_129.png,4.153665065765381
plot_1386.png,4.197997570037842
plot_665.png,4.4822773933410645
plot_1848.png,4.647341728210449
plot_730.png,4.223011493682861
plot_1143.png,3.8142359256744394
plot_1847.png,4.239387035369873
plot_171.png,4.693519592285156
plot_1227.png,4.743637561798096
plot_1507.png,4.537870407104492
plot_1802.png,4.520354747772217
plot_1081.png,4.020992755889893
plot_1548.png,3.728979825973511
plot_591.png,4.347111701965332
plot_2023.png,4.685204982757568
plot_1883.png,4.325084209442139
plot_890.png,4.337169647216797
plot_1236.png,4.401715278625488
plot_1298.png,4.064581871032715
plot_209.png,4.21552848815918
plot_1261.png,4.458941459655762
plot_903.png,4.229272842407227
plot_404.png,4.452960014343262
plot_348.png,4.343161106109619
plot_1069.png,4.04850959777832
plot_647.png,4.04850959777832
plot_1983.png,4.459575176239014
plot_964.png,4.56028938293457
plot_1082.png,4.16288423538208
plot_9.png,3.569105386734009
plot_1470.png,4.044593811035156
plot_1790.png,3.591880321502685
plot_1982.png,4.4313836097717285
plot_1330.png,4.274722576141357
plot_1212.png,4.0421528816223145
plot_525.png,4.0421528816223145
plot_191.png,4.2803874015808105
plot_138.png,4.641580581665039
plot_515.png,4.04503345489502
plot_1013.png,4.044469356536865
plot_1310.png,4.502474308013916
plot_175.png,4.542115211486816
plot_1484.png,4.042784690856934
plot_454.png,4.042784690856934
plot_2.png,4.645236492156982
plot_2038.png,4.298425674438477
plot_351.png,4.542057514190674
plot_1053.png,4.397736549377441
plot_4.png,4.505599021911621
plot_761.png,4.080401420593262
plot_139.png,4.314947605133057
plot_896.png,4.559905052185059
plot_1124.png,3.677181482315064
plot_645.png,4.102072238922119
plot_771.png,4.582610130310059
plot_55.png,4.5590667724609375
plot_1496.png,3.573573589324951
plot_1989.png,4.2351789474487305
plot_458.png,4.416220188140869
plot_664.png,4.658013343811035
plot_237.png,4.577373504638672
plot_1996.png,4.534373283386231
plot_425.png,4.4430694580078125
plot_35.png,4.520188808441162
plot_1795.png,3.8736627101898193
plot_76.png,4.2993998527526855
plot_513.png,4.641824245452881
plot_1395.png,4.554949760437012
plot_518.png,3.8642735481262207
plot_1003.png,4.425494194030762
plot_1630.png,4.544409275054932
plot_1602.png,4.160436153411865
plot_634.png,3.9502341747283936
plot_1916.png,4.950958251953125
plot_1898.png,4.389384746551514
plot_1385.png,4.856087684631348
plot_1088.png,4.650185585021973
plot_1349.png,4.095757961273193
plot_1614.png,4.149989604949951
plot_1448.png,4.321600914001465
plot_884.png,4.48898983001709
plot_568.png,4.1830267906188965
plot_1189.png,4.711995124816895
plot_851.png,4.410059452056885
plot_1949.png,3.715524196624756
plot_1251.png,3.714690685272217
plot_1148.png,4.295671463012695
plot_1919.png,3.889495372772217
plot_166.png,4.392524242401123
plot_445.png,4.364904880523682
plot_332.png,3.855888605117798
plot_1861.png,4.252354621887207
plot_160.png,4.351950168609619
plot_1272.png,4.457767009735107
plot_1590.png,4.712454795837402
plot_1231.png,4.3539628982543945
plot_498.png,4.008300304412842
plot_564.png,4.50899076461792
plot_1419.png,4.437569618225098
plot_1035.png,4.05390739440918
plot_1354.png,4.239697456359863
plot_456.png,4.451558589935303
plot_1534.png,4.863074779510498
plot_496.png,3.3947465419769287
plot_778.png,4.803236961364746
plot_183.png,4.432254314422607
plot_369.png,4.471050262451172
plot_81.png,4.267866611480713
plot_1928.png,4.239866733551025
plot_677.png,4.386547565460205
plot_1040.png,4.668580532073975
plot_280.png,3.7148513793945312
plot_125.png,4.751256942749023
plot_569.png,4.195728778839111
plot_607.png,4.172494888305664
plot_229.png,3.8555846214294434
plot_248.png,4.45072078704834
plot_1115.png,3.9058563709259033
plot_789.png,4.10914945602417
plot_1711.png,4.525996208190918
plot_316.png,4.425055980682373
plot_1436.png,4.377528190612793
plot_1833.png,4.561180114746094
plot_636.png,4.5061235427856445
plot_1472.png,4.556621074676514
plot_1367.png,4.495434284210205
plot_557.png,3.775979042053223
plot_1332.png,4.580409049987793
plot_114.png,4.747696876525879
plot_1866.png,4.523967742919922
plot_313.png,4.11825704574585
plot_2019.png,4.305240631103516
plot_818.png,4.215290069580078
plot_963.png,4.450492858886719
plot_367.png,3.503182411193848
plot_916.png,4.118206024169922
plot_925.png,4.359875679016113
plot_1045.png,4.305127143859863
plot_982.png,4.05601978302002
plot_1083.png,4.482217788696289
plot_37.png,4.366344928741455
plot_995.png,4.645204544067383
plot_684.png,4.319823265075684
plot_781.png,4.375151634216309
plot_347.png,4.523577690124512
plot_562.png,4.457726955413818
plot_1161.png,4.290302276611328
plot_939.png,4.690883159637451
plot_746.png,3.656273365020752
plot_1264.png,4.3317694664001465
plot_541.png,3.738105773925781
plot_21.png,3.4388132095336914
plot_388.png,3.7439160346984863
plot_1240.png,4.370394706726074
plot_853.png,4.581241130828857
plot_82.png,4.4919047355651855
plot_1098.png,4.412137985229492
plot_474.png,4.4320149421691895
plot_132.png,4.451935768127441
plot_507.png,4.320152759552002
plot_1956.png,4.419466018676758
plot_180.png,4.517678260803223
plot_763.png,4.531754016876221
plot_178.png,4.189646720886231
plot_1480.png,4.252187252044678
plot_1664.png,4.454812049865723
plot_1571.png,4.35103178024292
plot_1734.png,4.40886116027832
plot_1042.png,4.449935436248779
plot_238.png,4.129319667816162
plot_1515.png,4.7479681968688965
plot_670.png,3.961502552032471
plot_1016.png,4.399474620819092
plot_1811.png,4.580516338348389
plot_1112.png,4.4993577003479
plot_1235.png,4.32830810546875
plot_227.png,4.376291275024414
plot_1027.png,3.553903341293335
plot_436.png,4.421666145324707
plot_493.png,4.347283840179443
plot_1652.png,4.005958557128906
plot_111.png,3.99437427520752
plot_124.png,3.99437427520752
plot_146.png,3.99437427520752
plot_1540.png,3.99437427520752
plot_1676.png,3.99437427520752
plot_1759.png,3.99437427520752
plot_503.png,3.99437427520752
plot_666.png,3.99437427520752
plot_78.png,3.99437427520752
plot_849.png,3.99437427520752
plot_1084.png,3.200272560119629
plot_1767.png,3.793826103210449
plot_1458.png,4.618756771087647
plot_1305.png,4.584185600280762
plot_867.png,4.459643840789795
plot_1828.png,3.481989860534668
plot_1182.png,3.671231269836426
plot_1807.png,3.9330360889434814
plot_1010.png,4.464132785797119
plot_1786.png,4.422088623046875
plot_1452.png,4.6937127113342285
plot_2034.png,4.592461109161377
plot_1375.png,4.26999044418335
plot_45.png,4.462330341339111
plot_85.png,4.339424133300781
plot_1455.png,3.717995405197144
plot_1177.png,4.562090873718262
plot_816.png,3.7739222049713135
plot_1454.png,4.1361894607543945
plot_1659.png,4.546017646789551
plot_1627.png,4.266862392425537
plot_1378.png,4.430011749267578
plot_719.png,4.715966701507568
plot_1799.png,4.180426597595215
plot_1380.png,3.997205972671509
plot_272.png,4.196933269500732
plot_873.png,4.260287284851074
plot_1156.png,4.52949333190918
plot_1154.png,4.227484226226807
plot_296.png,4.4480414390563965
plot_1191.png,4.405281066894531
plot_809.png,4.554895877838135
plot_638.png,3.663125514984131
plot_812.png,4.421027660369873
plot_8.png,4.5309600830078125
plot_428.png,4.3774943351745605
plot_1085.png,3.8776233196258554
plot_1299.png,4.282000541687012
plot_690.png,4.602741718292236
plot_161.png,4.355587005615234
plot_407.png,3.980987787246704
plot_94.png,4.8393330574035645
plot_1753.png,4.507639408111572
plot_835.png,4.4158244132995605
plot_1742.png,3.359738349914551
plot_260.png,4.338113307952881
plot_274.png,3.844661235809326
plot_1810.png,3.9736440181732178
plot_1562.png,4.402629852294922
plot_1465.png,4.862744331359863
plot_460.png,3.745646953582764
plot_555.png,4.297460079193115
plot_946.png,4.179991245269775
plot_308.png,3.7231578826904297
plot_1674.png,4.5211029052734375
plot_1229.png,4.423503875732422
plot_1882.png,4.515180587768555
plot_653.png,4.42678165435791
plot_1913.png,4.432282447814941
plot_1739.png,4.580757141113281
plot_1246.png,4.406469821929932
plot_773.png,3.799518585205078
plot_1356.png,3.867185115814209
plot_1805.png,4.39017391204834
plot_1976.png,3.5909953117370605
plot_431.png,3.72839617729187
plot_19.png,4.313050270080566
plot_1323.png,4.353793621063232
plot_1427.png,4.321673393249512
plot_1772.png,4.448470115661621
plot_915.png,4.519317626953125
plot_181.png,4.507193565368652
plot_667.png,4.679125785827637
plot_752.png,4.399694442749023
plot_742.png,4.23313045501709
plot_442.png,4.45037841796875
plot_1168.png,3.7930965423583984
plot_1568.png,4.491404056549072
plot_1441.png,3.4424633979797363
plot_941.png,4.23914098739624
plot_1545.png,4.4880218505859375
plot_256.png,4.222878456115723
plot_359.png,3.909746646881104
plot_767.png,4.420261859893799
plot_1615.png,3.929888486862183
plot_133.png,3.4757838249206543
plot_1220.png,4.547623634338379
plot_951.png,3.730955123901367
plot_128.png,4.494070529937744
plot_1683.png,4.894994735717773
plot_1110.png,3.8392653465271
plot_155.png,4.474074363708496
plot_1741.png,4.557872295379639
plot_1914.png,3.6190123558044434
plot_1783.png,4.470863342285156
plot_639.png,3.452066421508789
plot_1969.png,4.0505781173706055
plot_1198.png,3.8279659748077393
plot_709.png,4.557907581329346
plot_1891.png,4.673873424530029
plot_1986.png,4.707974433898926
plot_242.png,3.778522253036499
plot_489.png,4.8175435066223145
plot_1173.png,4.2540388107299805
plot_650.png,3.697014570236206
plot_1535.png,4.314935684204102
plot_2011.png,4.525925636291504
plot_1612.png,4.858426570892334
plot_1074.png,4.416506290435791
plot_2012.png,4.325484752655029
plot_821.png,4.548472881317139
plot_232.png,3.867863178253174
plot_1519.png,3.85585880279541
plot_1179.png,3.70246696472168
plot_510.png,3.888326168060303
plot_579.png,4.323474407196045
plot_958.png,4.203006267547607
plot_1719.png,4.388314247131348
plot_1099.png,4.432045936584473
plot_1593.png,4.619180679321289
plot_488.png,4.497665882110596
plot_1294.png,3.345004081726074
plot_744.png,4.496529579162598
plot_1909.png,4.795863628387451
plot_753.png,4.02565860748291
plot_402.png,4.53573751449585
plot_976.png,4.43388557434082
plot_1766.png,4.530085563659668
plot_689.png,3.725238084793091
plot_1727.png,3.108469247817993
plot_295.png,4.162329196929932
plot_289.png,3.7744333744049072
plot_1032.png,4.845861434936523
plot_108.png,4.524527549743652
plot_1181.png,4.385777950286865
plot_723.png,4.173698425292969
plot_203.png,4.703423500061035
plot_1194.png,4.421698093414307
plot_387.png,4.552858352661133
plot_487.png,4.294890880584717
plot_1785.png,3.725284576416016
plot_1295.png,4.153496742248535
plot_857.png,4.010984420776367
plot_1049.png,4.213164806365967
plot_578.png,4.689402103424072
plot_284.png,4.6062211990356445
plot_1041.png,4.502431392669678
plot_1830.png,3.9469056129455566
plot_1730.png,3.929579496383667
plot_1834.png,4.295068740844727
plot_1680.png,4.4329938888549805
plot_1663.png,4.444456100463867
plot_1561.png,3.5842885971069336
plot_1162.png,4.403413772583008
plot_1951.png,3.6047747135162354
plot_928.png,4.149775981903076
plot_1845.png,4.405919075012207
plot_1837.png,4.310369491577148
plot_1498.png,4.467648029327393
plot_810.png,4.499261379241943
plot_1773.png,4.729715347290039
plot_281.png,4.213352680206299
plot_1430.png,4.370101451873779
plot_1185.png,4.070193290710449
plot_1442.png,4.042795658111572
plot_1981.png,3.900023460388184
plot_492.png,3.8206896781921382
plot_141.png,4.42386531829834
plot_846.png,3.4342761039733887
plot_95.png,4.373036861419678
plot_1169.png,3.9876725673675537
plot_350.png,4.864055633544922
plot_1388.png,3.363654613494873
plot_519.png,3.6031594276428223
plot_1090.png,4.368772506713867
plot_193.png,4.545886993408203
plot_581.png,4.1924028396606445
plot_1616.png,3.79194712638855
plot_189.png,4.209025859832764
plot_172.png,4.456592559814453
plot_213.png,4.624085426330566
plot_1940.png,4.536588668823242
plot_361.png,4.334466457366943
plot_1715.png,4.455122947692871
plot_381.png,3.9121413230896
plot_1560.png,3.919045209884644
plot_1529.png,4.4261980056762695
plot_1575.png,3.736942768096924
plot_1606.png,4.193737506866455
plot_533.png,4.427676200866699
plot_586.png,4.385568618774414
plot_535.png,4.367798328399658
plot_2017.png,3.911431789398194
plot_123.png,4.549083232879639
plot_1618.png,3.501927137374878
plot_531.png,3.6009011268615723
plot_999.png,4.470880508422852
plot_1565.png,4.533115386962891
plot_374.png,4.060500144958496
plot_1468.png,4.434318065643311
plot_1572.png,3.5794801712036133
plot_1504.png,4.547207355499268
plot_1968.png,3.980813980102539
plot_1469.png,4.212002277374268
plot_1219.png,4.43274450302124
plot_247.png,3.7916910648345943
plot_196.png,4.351479530334473
plot_243.png,4.87299919128418
plot_1931.png,3.6145269870758057
plot_1858.png,4.461578369140625
plot_1864.png,3.773409366607666
plot_1846.png,3.686700344085693
plot_1596.png,4.387475490570068
plot_1193.png,4.8297038078308105
plot_1517.png,4.8027544021606445
plot_1209.png,4.495268821716309
plot_1266.png,3.760029792785645
plot_215.png,3.981694221496582
plot_1533.png,3.958729267120361
plot_1257.png,3.819658517837525
plot_2020.png,4.119598388671875
plot_1495.png,4.3115715980529785
plot_282.png,4.334075927734375
plot_1141.png,4.831786155700684
plot_106.png,4.529607772827148
plot_1151.png,3.6509623527526855
plot_49.png,3.637434482574463
plot_1281.png,3.7171950340271
plot_1960.png,4.4032487869262695
plot_1243.png,4.4274678230285645
plot_571.png,4.573071479797363
plot_1754.png,4.330598831176758
plot_1052.png,3.9192955493927
plot_1918.png,4.418626308441162
plot_446.png,3.8470335006713863
plot_1087.png,3.742023706436157
plot_549.png,4.346231937408447
plot_1200.png,3.930769443511963
plot_2030.png,4.438258647918701
plot_430.png,4.303489208221436
plot_1648.png,4.481900215148926
plot_1775.png,4.530511379241943
plot_775.png,3.861348152160645
plot_1673.png,4.464118003845215
plot_62.png,4.211838722229004
plot_1215.png,4.516510963439941
plot_1827.png,4.496646404266357
plot_554.png,4.123011112213135
plot_1736.png,4.389100551605225
plot_1429.png,4.417779922485352
plot_707.png,4.292654037475586
plot_335.png,4.124226093292236
plot_1694.png,3.890838146209717
plot_270.png,4.60377836227417
plot_935.png,4.391595840454102
plot_104.png,4.421108722686768
plot_877.png,3.416693210601806
plot_720.png,3.9871013164520255
plot_70.png,4.236577033996582
plot_379.png,4.318673133850098
plot_1547.png,4.712398052215576
plot_1661.png,4.422651767730713
plot_1947.png,4.499600410461426
plot_1025.png,4.5466179847717285
plot_1716.png,4.347269535064697
plot_1309.png,3.720547914505005
plot_1831.png,4.099419593811035
plot_1379.png,4.45368242263794
plot_1116.png,4.921533584594727
plot_1011.png,4.776333808898926
plot_629.png,4.382763862609863
plot_299.png,3.939087390899658
plot_1218.png,4.41254997253418
plot_154.png,3.878129959106445
plot_1055.png,5.042017459869385
plot_1093.png,4.528273105621338
plot_278.png,4.30578088760376
plot_1398.png,4.2367377281188965
plot_1862.png,3.700585603713989
plot_1963.png,3.766679048538208
plot_1206.png,4.411914825439453
plot_668.png,3.763101816177368
plot_130.png,3.597710609436035
plot_254.png,3.898925542831421
plot_1493.png,3.75440526008606
plot_1836.png,4.239094257354736
plot_1501.png,4.259620666503906
plot_1033.png,4.404906749725342
plot_779.png,3.887793779373169
plot_1020.png,4.545295715332031
plot_630.png,3.8256001472473145
plot_990.png,4.543294429779053
plot_608.png,4.651781558990479
plot_1934.png,4.338812351226807
plot_59.png,4.2993268966674805
plot_386.png,4.547744274139404
plot_1675.png,4.987834930419922
plot_152.png,4.8904008865356445
plot_1095.png,4.876893043518066
plot_220.png,3.930880308151245
plot_1371.png,4.773972034454346
plot_2002.png,4.06325101852417
plot_1857.png,4.489762783050537
plot_1120.png,4.020383834838867
plot_1698.png,3.9553396701812735
plot_394.png,4.706708908081055
plot_1542.png,4.949155330657959
plot_317.png,3.729750394821167
plot_11.png,3.966104030609131
plot_392.png,4.608943939208984
plot_936.png,3.8999814987182617
plot_1374.png,4.494771957397461
plot_508.png,4.590913772583008
plot_1263.png,4.668660640716553
plot_1432.png,4.442219257354736
plot_455.png,3.926054000854492
plot_453.png,4.166522026062012
plot_275.png,4.21865701675415
plot_1832.png,4.900602340698242
plot_858.png,4.4607648849487305
plot_735.png,4.276090621948242
plot_219.png,4.421631813049316
plot_1904.png,3.901362419128418
plot_1922.png,4.77670955657959
plot_800.png,4.548764705657959
plot_1343.png,3.5544800758361816
plot_323.png,4.191064834594727
plot_1589.png,4.093388557434082
plot_1413.png,4.707781791687012
plot_2007.png,4.54139518737793
plot_802.png,4.329549789428711
plot_2006.png,4.398935317993164
plot_1985.png,3.791739702224731
plot_701.png,3.382341861724853
plot_1702.png,4.466898918151856
plot_1238.png,3.8454532623291016
plot_759.png,4.633969783782959
plot_1895.png,4.236264228820801
plot_102.png,4.612696170806885
plot_188.png,4.1822357177734375
plot_1712.png,3.900798797607422
plot_1486.png,4.48179817199707
plot_1213.png,3.73552131652832
plot_328.png,3.931626796722412
plot_904.png,4.224721908569336
plot_1128.png,4.778780460357666
plot_1282.png,4.442862033843994
plot_195.png,4.187646865844727
plot_642.png,4.476648807525635
plot_290.png,3.830822706222534
plot_1017.png,4.029690742492676
plot_499.png,3.706731796264648
plot_1392.png,3.836866855621338
plot_461.png,4.364762783050537
plot_874.png,4.566424369812012
plot_560.png,4.258205890655518
plot_1121.png,4.323942184448242
plot_343.png,4.46281099319458
plot_1553.png,3.927698850631714
plot_1474.png,4.479150772094727
plot_261.png,4.2323994636535645
plot_159.png,4.279696941375732
plot_483.png,3.504377603530884
plot_216.png,3.792283296585083
plot_1134.png,4.108643054962158
plot_1370.png,4.109705448150635
plot_1342.png,4.680192470550537
plot_1599.png,3.808969497680664
plot_754.png,4.419857501983643
plot_1975.png,4.527617454528809
plot_1187.png,4.173925399780273
plot_891.png,4.652850151062012
plot_1935.png,3.613689422607422
plot_898.png,3.518272876739502
plot_1987.png,4.847506999969482
plot_1190.png,4.291471481323242
plot_1142.png,4.77985954284668
plot_1755.png,4.151993751525879
plot_1094.png,4.429791927337647
plot_1791.png,3.937845230102539
plot_1655.png,3.5045840740203857
plot_672.png,4.574102401733398
plot_1422.png,3.562586069107056
plot_1792.png,3.618720531463623
plot_1576.png,4.632020950317383
plot_686.png,4.115481376647949
plot_1860.png,3.965775966644287
plot_208.png,3.6828651428222656
plot_1682.png,4.244463443756104
plot_1626.png,4.402705669403076
plot_491.png,3.659856796264648
plot_1228.png,4.371716022491455
plot_1163.png,4.442597389221191
plot_371.png,3.933927059173584
plot_484.png,4.4351582527160645
plot_1518.png,4.7333807945251465
plot_1520.png,4.417691707611084
plot_1387.png,4.333495616912842
plot_1494.png,4.316085815429688
plot_424.png,4.4247002601623535
plot_1292.png,4.51983642578125
plot_411.png,4.908074855804443
plot_676.png,3.78074312210083
plot_780.png,3.857475280761719
plot_1920.png,4.0270185470581055
plot_1361.png,4.165227890014648
plot_991.png,3.9609529972076416
plot_1944.png,4.341916561126709
plot_788.png,4.08857011795044
plot_167.png,4.386190891265869
plot_1946.png,3.71266508102417
plot_770.png,4.565933704376221
plot_1993.png,4.066744327545166
plot_88.png,4.257971286773682
plot_1732.png,4.463525772094727
plot_1096.png,3.9401543140411377
plot_1788.png,4.572359561920166
plot_899.png,3.5187783241271973
plot_2032.png,3.750526428222656
plot_414.png,4.50222635269165
plot_1959.png,4.122552394866943
plot_1111.png,5.29544734954834
plot_68.png,3.705322742462158
plot_688.png,3.852576732635498
plot_774.png,4.2160749435424805
plot_1707.png,4.56743049621582
plot_143.png,4.315033912658691
plot_333.png,3.8822696208953857
plot_1037.png,4.44562578201294
plot_184.png,4.258058547973633
plot_660.png,4.009281158447266
plot_1234.png,3.899773836135864
plot_1926.png,4.447000980377197
plot_1316.png,4.627716064453125
plot_41.png,4.4436750411987305
plot_1026.png,4.348708152770996
plot_221.png,3.37420654296875
plot_760.png,3.999815464019776
plot_1863.png,3.855954170227051
plot_888.png,4.109619140625
plot_447.png,4.478335380554199
plot_836.png,3.8563313484191895
plot_1574.png,4.92802095413208
plot_22.png,4.430484294891357
plot_1749.png,3.6744964122772217
plot_73.png,3.9810519218444815
plot_20.png,4.011343002319336
plot_1838.png,4.159331798553467
plot_616.png,4.252057075500488
plot_358.png,3.54797625541687
plot_1875.png,4.4337663650512695
plot_1669.png,3.8198938369750977
plot_715.png,5.104791164398193
plot_902.png,4.422033309936523
plot_1950.png,4.93013334274292
plot_497.png,4.29719877243042
plot_2013.png,4.443216323852539
plot_1104.png,4.506574630737305
plot_202.png,4.482738971710205
plot_1994.png,3.96321177482605
plot_365.png,4.415594100952148
plot_198.png,3.9503002166748047
plot_1905.png,3.763606786727905
plot_1714.png,3.929056167602539
plot_1023.png,4.0599799156188965
plot_1641.png,3.5114662647247314
plot_1319.png,3.9795444011688232
plot_1047.png,3.6525158882141113
plot_39.png,4.628968238830566
plot_824.png,3.726276397705078
plot_1598.png,3.812786817550659
plot_1157.png,4.507942199707031
plot_1293.png,4.002540588378906
plot_396.png,3.912440299987793
plot_575.png,4.458763122558594
plot_18.png,3.989491224288941
plot_1608.png,3.899416208267212
plot_829.png,3.993412733078003
plot_627.png,4.005270004272461
plot_1363.png,4.565003395080566
plot_25.png,4.50554895401001
plot_1689.png,3.8634185791015625
plot_185.png,3.850473642349243
plot_1391.png,4.835062503814697
plot_1063.png,3.9405436515808105
plot_1640.png,4.3710527420043945
plot_1964.png,4.776323318481445
plot_1705.png,4.714117527008057
plot_980.png,4.337711334228516
plot_659.png,3.656609058380127
plot_1587.png,4.204955101013184
plot_27.png,4.141974449157715
plot_1787.png,3.881881475448608
plot_1665.png,4.037229537963867
plot_241.png,3.803937196731568
plot_889.png,4.087393760681152
plot_239.png,3.6221203804016113
plot_566.png,4.233200550079346
plot_732.png,4.196508884429932
plot_615.png,4.013766288757324
plot_931.png,4.230850696563721
plot_441.png,3.1956920623779297
plot_43.png,4.218144416809082
plot_661.png,3.893878221511841
plot_1393.png,3.9530982971191406
plot_376.png,4.172386646270752
plot_1457.png,4.573258399963379
plot_776.png,3.9483962059021
plot_856.png,3.5393898487091064
plot_342.png,4.420770168304443
plot_137.png,4.104996681213379
plot_1360.png,3.7796480655670166
plot_865.png,4.856924057006836
plot_2031.png,4.457608699798584
plot_1704.png,3.995148181915283
plot_2027.png,4.16444206237793
plot_1230.png,3.945249557495117
plot_1933.png,4.575079917907715
plot_1743.png,3.677415132522583
plot_12.png,4.017463207244873
plot_777.png,4.477130889892578
plot_1569.png,4.491079330444336
plot_1953.png,3.8939576148986816
plot_1942.png,3.719090700149536
plot_471.png,3.8660051822662354
plot_40.png,4.535584449768066
plot_1216.png,4.305210113525391
plot_1594.png,4.021474361419678
plot_7.png,4.884476661682129
plot_989.png,4.011783123016357
plot_1400.png,3.910636186599731
plot_745.png,3.375894546508789
plot_401.png,4.006868839263916
plot_1980.png,3.911520004272461
plot_1275.png,3.9095187187194815
plot_1048.png,4.012222766876221
plot_462.png,4.100929260253906
plot_580.png,3.8941497802734375
plot_429.png,3.5824179649353027
plot_105.png,4.210843086242676
plot_1135.png,4.015456199645996
plot_1359.png,4.141648769378662
plot_1582.png,4.655900955200195
plot_1341.png,3.848023653030396
plot_490.png,3.4673752784729004
plot_355.png,4.007117748260498
plot_724.png,4.088131427764893
plot_825.png,3.871563196182251
plot_1806.png,3.981699228286743
plot_1728.png,4.055186748504639
plot_378.png,3.910552263259888
plot_107.png,4.11964225769043
plot_811.png,4.821144104003906
plot_1476.png,3.19446349143982
plot_1912.png,4.157641887664795
plot_1062.png,3.631637096405029
plot_1531.png,3.67493200302124
plot_66.png,4.080391883850098
plot_1270.png,3.670474767684937
plot_1290.png,3.8625686168670654
plot_1957.png,3.931011199951172
plot_83.png,4.055604934692383
plot_979.png,3.75872015953064
plot_1366.png,4.586736679077148
plot_440.png,3.927488327026367
plot_803.png,3.5143015384674072
plot_1404.png,4.649559020996094
plot_427.png,4.930333137512207
plot_1241.png,3.624762296676636
plot_1733.png,4.51442289352417
plot_1414.png,3.800964593887329
plot_1057.png,4.0136823654174805
plot_1214.png,4.836868762969971
plot_695.png,4.038550853729248
plot_382.png,3.995623826980591
plot_854.png,3.834924936294556
plot_1999.png,4.199493408203125
plot_983.png,4.375711917877197
plot_840.png,4.455348491668701
plot_573.png,4.4623870849609375
plot_932.png,4.094784259796143
plot_268.png,4.192829132080078
plot_1297.png,3.70360279083252
plot_1289.png,4.969093322753906
plot_126.png,3.900556802749634
plot_373.png,4.82493782043457
plot_294.png,4.610612869262695
plot_1412.png,4.244709014892578
plot_837.png,4.251944541931152
plot_879.png,3.9040005207061768
plot_1477.png,3.8095157146453857
plot_1155.png,4.518285751342773
plot_694.png,4.545405387878418
plot_787.png,4.0740180015563965
plot_1267.png,3.7544212341308594
plot_325.png,3.8370847702026367
plot_2036.png,3.693416595458984
plot_1300.png,3.517498016357422
plot_552.png,3.962947368621826
plot_117.png,3.696432113647461
plot_2003.png,3.346391201019287
plot_54.png,3.907504081726074
plot_658.png,4.4795989990234375
plot_116.png,4.338572502136231
plot_792.png,4.946649074554443
plot_480.png,4.381421089172363
plot_610.png,4.381728649139404
plot_1475.png,4.201299667358398
plot_1225.png,3.810026168823242
plot_1588.png,4.084071636199951
plot_1679.png,4.664085865020752
plot_164.png,4.178102970123291
plot_1708.png,3.9541983604431152
plot_1603.png,3.930698871612549
plot_473.png,5.152351379394531
plot_1420.png,4.897304058074951
plot_794.png,4.168692588806152
plot_1902.png,4.639449596405029
plot_1258.png,4.2985687255859375
plot_1153.png,4.326262950897217
plot_298.png,4.353322982788086
plot_1105.png,3.660055160522461
plot_547.png,4.843762397766113
plot_843.png,4.681332111358643
plot_1577.png,4.108363151550293
plot_1327.png,3.687605381011963
plot_947.png,4.465857982635498
plot_819.png,3.822681665420532
plot_567.png,4.628385066986084
plot_631.png,4.748843193054199
plot_1092.png,4.474307060241699
plot_975.png,3.845691204071045
plot_1184.png,4.3473005294799805
plot_53.png,3.961416482925415
plot_646.png,4.46006441116333
plot_1903.png,4.352743148803711
plot_1973.png,3.883349895477295
plot_91.png,4.6018171310424805
plot_1632.png,4.694659233093262
plot_822.png,4.497618675231934
plot_1820.png,4.239017009735107
plot_57.png,3.8231043815612793
plot_612.png,4.793429374694824
plot_1435.png,3.839708805084229
plot_585.png,3.9298133850097656
plot_92.png,4.260946750640869
plot_1687.png,3.939415454864502
plot_118.png,4.269733905792236
plot_277.png,3.625791549682617
plot_1009.png,4.547059535980225
plot_1550.png,3.579963445663452
plot_922.png,4.103373050689697
plot_971.png,3.852587938308716
plot_63.png,3.9133825302124015
plot_410.png,4.285745143890381
plot_1524.png,4.505465507507324
plot_842.png,4.039351940155029
plot_901.png,4.396912097930908
plot_1358.png,3.776115894317627
plot_452.png,4.110626220703125
plot_722.png,4.289051055908203
plot_80.png,3.643155813217163
plot_170.png,4.460900783538818
plot_814.png,4.81057596206665
plot_790.png,3.872572422027588
plot_523.png,4.426911354064941
plot_1039.png,3.9339945316314697
plot_997.png,3.925332307815552
plot_863.png,3.581148386001587
plot_1317.png,4.371121406555176
plot_699.png,4.002163410186768
plot_514.png,3.79533576965332
plot_833.png,3.8637008666992183
plot_1383.png,4.029414176940918
plot_1738.png,4.808159351348877
plot_58.png,4.479756832122803
plot_987.png,3.918593883514404
plot_704.png,4.375537872314453
plot_1522.png,4.184625148773193
plot_961.png,4.052736282348633
plot_565.png,4.017210960388184
plot_1692.png,3.911634922027588
plot_996.png,4.580156326293945
plot_236.png,4.165329933166504
plot_895.png,3.84055233001709
plot_1217.png,4.149816989898682
plot_868.png,3.847677707672119
plot_443.png,3.8715219497680655
plot_153.png,4.290139198303223
plot_739.png,4.471800804138184
plot_142.png,3.938390970230103
plot_1629.png,4.572319984436035
plot_422.png,4.158779144287109
plot_772.png,4.010200500488281
plot_1726.png,4.611796379089356
plot_1164.png,4.609055995941162
plot_1024.png,4.42695426940918
plot_943.png,4.065881729125977
plot_765.png,3.564814329147339
plot_38.png,5.063619613647461
plot_1892.png,4.550561904907227
plot_1252.png,4.16884183883667
plot_1647.png,4.066357612609863
plot_505.png,3.684216022491455
plot_1748.png,4.512324810028076
plot_697.png,3.973622083663941
plot_1511.png,3.8448171615600586
plot_364.png,4.609604835510254
plot_479.png,4.04039192199707
plot_563.png,4.302321434020996
plot_532.png,4.55842399597168
plot_1426.png,4.583288669586182
plot_1463.png,4.053122997283936
plot_395.png,4.51685905456543
plot_75.png,4.364187240600586
plot_293.png,4.525557041168213
plot_485.png,4.385630130767822
plot_33.png,4.413797378540039
plot_1869.png,4.615208625793457
plot_168.png,3.805918455123901
plot_1509.png,4.08466911315918
plot_1073.png,3.984022855758667
plot_1176.png,4.085314750671387
plot_1566.png,3.5775318145751958
plot_182.png,3.5777034759521484
plot_234.png,4.046531677246094
plot_1867.png,4.378278255462647
plot_52.png,4.062085151672363
plot_409.png,4.022302627563477
plot_1273.png,4.116740703582764
plot_1344.png,3.7200679779052734
plot_1348.png,3.90280032157898
plot_472.png,3.829918622970581
plot_1205.png,4.44680118560791
plot_921.png,3.637330532073975
plot_77.png,3.863471508026123
plot_924.png,4.306778907775879
plot_1167.png,4.480874538421631
plot_1505.png,4.049709320068359
plot_217.png,4.458071231842041
plot_2016.png,3.7293004989624015
plot_230.png,4.5268378257751465
plot_603.png,4.643890380859375
plot_61.png,4.139242172241211
plot_10.png,3.805958032608032
plot_1654.png,4.645695209503174
plot_1481.png,4.1425862312316895
plot_839.png,4.332697868347168
plot_1722.png,3.677680015563965
plot_1638.png,3.687941551208496
plot_651.png,3.886646270751953
plot_534.png,4.303503036499023
plot_930.png,4.752660751342773
plot_162.png,4.306233882904053
plot_2028.png,4.150146007537842
plot_920.png,4.066765785217285
plot_1051.png,4.055009365081787
plot_224.png,4.192931175231934
plot_120.png,4.139477252960205
plot_1677.png,4.425374984741211
plot_197.png,4.370245933532715
plot_1812.png,4.181853294372559
plot_1353.png,4.680633068084717
plot_741.png,4.878176212310791
plot_1962.png,3.943585395812988
plot_1997.png,4.6117706298828125
plot_251.png,4.182496070861816
plot_1886.png,4.302927970886231
plot_1570.png,3.956118106842041
plot_1397.png,4.553842067718506
plot_1100.png,4.011974334716797
plot_1479.png,4.141541957855225
plot_1939.png,3.930861234664917
plot_600.png,3.954698085784912
plot_467.png,4.642941474914551
plot_319.png,4.039854049682617
plot_881.png,4.35854959487915
plot_1150.png,4.640621662139893
plot_949.png,4.11705493927002
plot_914.png,4.511398792266846
plot_2000.png,4.509759426116943
plot_1320.png,3.9096720218658447
plot_893.png,4.140548229217529
plot_587.png,3.9065873622894287
plot_984.png,4.101315975189209
plot_1513.png,3.9516639709472656
plot_1620.png,4.076217651367188
plot_1873.png,4.194236755371094
plot_1703.png,4.841680526733398
plot_966.png,4.430541038513184
plot_1078.png,4.049382209777832
plot_1747.png,4.536566257476807
plot_1955.png,4.580977916717529
plot_1485.png,4.234589576721191
plot_542.png,3.697986125946045
plot_1789.png,3.926115274429321
plot_841.png,4.054372310638428
plot_988.png,4.016146659851074
plot_1431.png,3.570815086364746
plot_1826.png,4.071650981903076
plot_1256.png,4.59749174118042
plot_970.png,4.083867073059082
plot_218.png,4.018791675567627
plot_194.png,4.590779781341553
plot_403.png,3.8313395977020255
plot_832.png,4.256912708282471
plot_613.png,5.441344261169434
plot_1284.png,4.506665229797363
plot_1967.png,3.8479433059692383
plot_540.png,3.879495143890381
plot_1028.png,3.860763549804688
plot_1639.png,4.433253288269043
plot_544.png,4.45908260345459
plot_1729.png,3.817362785339356
plot_1774.png,4.347936153411865
plot_1818.png,4.656822681427002
plot_338.png,4.065091609954834
plot_354.png,3.7824020385742183
plot_1978.png,4.170762538909912
plot_1277.png,4.010163307189941
plot_799.png,3.6749072074890137
plot_1268.png,4.545716285705566
plot_1744.png,4.04013729095459
plot_1021.png,4.367983341217041
plot_1605.png,4.621570110321045
plot_1619.png,4.418689727783203
plot_1585.png,4.337397575378418
plot_1015.png,3.834981679916382
plot_44.png,4.124661922454834
plot_886.png,4.207250118255615
plot_2022.png,5.005156993865967
plot_349.png,4.252872467041016
plot_511.png,4.236891269683838
plot_90.png,3.929509401321411
plot_589.png,4.52354621887207
plot_588.png,4.312637805938721
plot_1514.png,5.324966907501221
plot_1165.png,4.44533634185791
plot_1418.png,4.567673683166504
plot_1521.png,4.373373985290527
plot_89.png,4.547593116760254
plot_955.png,4.333178520202637
plot_1416.png,3.8078558444976807
plot_1067.png,4.042173385620117
plot_1223.png,4.18283224105835
plot_968.png,4.036814689636231
plot_509.png,4.703826427459717
plot_1948.png,4.408176422119141
plot_1526.png,4.358846664428711
plot_861.png,4.236052989959717
plot_1938.png,4.432135581970215
plot_1636.png,4.1582207679748535
plot_801.png,4.000698566436768
plot_1283.png,4.500214099884033
plot_1322.png,4.156375885009766
plot_2010.png,4.636329650878906
plot_1667.png,4.156065940856934
plot_1244.png,4.400901794433594
plot_1328.png,4.267478942871094
plot_400.png,4.159235954284668
plot_1001.png,3.670568466186523
plot_1751.png,4.15559720993042
plot_831.png,4.15385103225708
plot_109.png,3.882551670074463
plot_1138.png,4.579272270202637
plot_1503.png,4.321760177612305
plot_136.png,4.11060094833374
plot_848.png,4.292745590209961
plot_978.png,4.138535022735596
plot_1325.png,4.473381042480469
plot_1335.png,4.241575717926025
plot_1038.png,3.7131075859069824
plot_680.png,4.014772891998291
plot_1276.png,3.915128946304321
plot_1271.png,4.0061516761779785
plot_905.png,4.237265110015869
plot_862.png,4.258523464202881
plot_1308.png,4.297906398773193
plot_2015.png,4.384768009185791
plot_626.png,4.095431804656982
plot_1798.png,4.231379508972168
plot_681.png,4.546313285827637
plot_584.png,4.472386837005615
plot_1145.png,4.259587287902832
plot_633.png,4.491406440734863
plot_1004.png,4.229589939117432
plot_250.png,4.376331806182861
plot_450.png,4.080201625823975
plot_322.png,4.530032157897949
plot_620.png,4.471245288848877
plot_435.png,4.1913228034973145
plot_1178.png,4.002732276916504
plot_1103.png,3.859766721725464
plot_14.png,4.552362442016602
plot_271.png,4.049399375915527
plot_1449.png,4.712784290313721
plot_1868.png,3.983498573303223
plot_391.png,4.384089946746826
plot_1394.png,4.104791641235352
plot_1433.png,4.19980525970459
plot_937.png,3.917394399642944
plot_1813.png,4.496219635009766
plot_878.png,4.211160659790039
plot_716.png,4.648487567901611
plot_119.png,4.2772650718688965
plot_380.png,4.147984027862549
plot_1713.png,4.231540679931641
plot_708.png,4.392130374908447
plot_1233.png,4.3462653160095215
plot_405.png,4.853260040283203
plot_940.png,4.411733627319336
plot_894.png,4.018605709075928
plot_432.png,4.001357078552246
plot_998.png,4.575065612792969
plot_1984.png,4.590082168579102
plot_1060.png,4.581474781036377
plot_644.png,4.617207050323486
plot_1760.png,4.483625411987305
plot_1642.png,4.092398166656494
plot_593.png,4.151668548583984
plot_1245.png,4.162593841552734
plot_1201.png,4.42490816116333
plot_312.png,3.364588975906372
plot_786.png,4.437983989715576
plot_393.png,4.320431232452393
plot_1840.png,3.953300714492798
plot_594.png,4.504445552825928
plot_972.png,4.328812122344971
plot_179.png,4.080709934234619
plot_419.png,4.13301944732666
plot_1921.png,4.170734405517578
plot_1086.png,4.163945198059082
plot_1706.png,3.755945920944214
plot_1881.png,4.518479347229004
plot_751.png,4.423133373260498
plot_1564.png,4.442959785461426
plot_1688.png,4.049576759338379
plot_962.png,3.711471557617188
plot_30.png,4.221941947937012
plot_537.png,4.132742881774902
plot_72.png,4.437541961669922
plot_1821.png,4.271123886108398
plot_1312.png,4.276686191558838
plot_265.png,3.876605033874512
plot_1364.png,4.249768733978272
plot_1917.png,3.887709379196167
plot_1839.png,4.123084545135498
plot_476.png,4.549563407897949
plot_1500.png,4.26637601852417
plot_880.png,4.488877296447754
plot_412.png,4.308399677276611
plot_1355.png,4.213990688323975
plot_326.png,4.116567134857178
plot_1248.png,4.2280049324035645
plot_1877.png,4.363978385925293
plot_528.png,4.040607929229736
plot_252.png,4.35026216506958
plot_570.png,4.280292510986328
plot_624.png,4.011775016784668
plot_226.png,4.0861124992370605
plot_860.png,4.45524263381958
plot_897.png,4.004236698150635
plot_910.png,4.731893062591553
plot_757.png,3.9301791191101074
plot_1879.png,4.007633686065674
plot_576.png,4.564447402954102
plot_1876.png,4.014723777770996
plot_945.png,4.573534965515137
plot_598.png,4.094007968902588
plot_1852.png,4.460454940795898
plot_1546.png,3.97187614440918
plot_42.png,4.271693229675293
plot_1336.png,3.9870777130126953
plot_1072.png,3.758641242980957
plot_1853.png,4.236717224121094
plot_273.png,4.162890434265137
plot_1196.png,4.550592422485352
plot_1670.png,4.486310958862305
plot_1658.png,4.4578728675842285
plot_1557.png,4.2208757400512695
plot_617.png,4.220027923583984
plot_300.png,4.262578010559082
plot_1966.png,4.526794910430908
plot_727.png,3.960075855255127
plot_870.png,3.716578960418701
plot_725.png,4.45620584487915
plot_1372.png,4.245849609375
plot_1804.png,4.481955051422119
plot_938.png,4.235840797424316
plot_520.png,4.207281112670898
plot_1824.png,4.071648597717285
plot_1797.png,4.0274577140808105
plot_1064.png,4.0816168785095215
plot_596.png,4.315432071685791
plot_360.png,3.9673011302948
plot_1080.png,4.478904724121094
plot_321.png,4.547723293304443
plot_768.png,4.227517127990723
plot_1523.png,4.181228160858154
plot_933.png,4.717334270477295
plot_838.png,4.540159702301025
plot_464.png,4.199119567871094
plot_685.png,3.6165192127227774
plot_353.png,4.509392738342285
plot_67.png,4.563479900360107
plot_1144.png,4.471134185791016
plot_756.png,4.220233917236328
plot_96.png,4.358524322509766
plot_1447.png,4.305004596710205
plot_1022.png,4.099325180053711
plot_504.png,4.543661117553711
plot_1516.png,4.4345383644104
plot_1467.png,3.9653360843658447
plot_635.png,4.557247161865234
plot_1874.png,4.202256202697754
plot_279.png,4.580245494842529
plot_1809.png,3.826625108718872
plot_1578.png,4.395171165466309
plot_942.png,4.478896617889404
plot_1288.png,4.117775917053223
plot_147.png,4.145998954772949
plot_1855.png,3.9472811222076416
plot_448.png,4.264942646026611
plot_384.png,4.464559555053711
plot_791.png,4.455386638641357
plot_906.png,3.8714616298675537
plot_850.png,4.104054927825928
plot_1304.png,4.355913639068604
plot_1109.png,4.275658130645752
plot_501.png,4.509819507598877
plot_122.png,4.3728742599487305
plot_1417.png,3.631690979003906
plot_546.png,4.255613803863525
plot_1460.png,3.9887382984161377
plot_1525.png,4.102509498596191
plot_1633.png,4.547957420349121
plot_758.png,4.3605146408081055
plot_582.png,4.204577445983887
plot_637.png,4.100229740142822
plot_1478.png,4.433377265930176
plot_1611.png,4.586447715759277
plot_795.png,4.437701225280762
plot_177.png,4.517614841461182
plot_527.png,4.388478755950928
plot_314.png,4.43125581741333
plot_1.png,4.247386932373047
plot_826.png,4.675939083099365
plot_1637.png,4.194468021392822
plot_548.png,4.282314300537109
plot_1541.png,4.1130146980285645
plot_866.png,3.895696640014648
plot_1721.png,4.236523151397705
plot_1884.png,4.460161209106445
plot_1247.png,4.219840049743652
plot_714.png,3.982818841934204
plot_985.png,4.508748531341553
plot_285.png,4.51432991027832
plot_1965.png,4.374007701873779
plot_309.png,4.345947265625
plot_1278.png,4.074319839477539
plot_1686.png,4.583450794219971
plot_1488.png,4.061281681060791
plot_303.png,4.321352481842041
plot_1685.png,4.537484169006348
plot_1071.png,3.872224807739258
plot_204.png,4.459721565246582
plot_960.png,4.2322282791137695
plot_604.png,3.895287752151489
plot_1102.png,4.452385425567627
plot_1527.png,4.205068111419678
plot_736.png,4.625179767608643
plot_1808.png,3.944959878921509
plot_1958.png,4.443062782287598
plot_912.png,4.175810813903809
plot_327.png,3.581625699996948
plot_307.png,4.433855056762695
plot_444.png,4.248549461364746
plot_728.png,4.437458515167236
plot_341.png,4.191138744354248
plot_416.png,4.18966007232666
plot_1779.png,3.9708733558654794
plot_1573.png,4.509695529937744
plot_1645.png,4.3087029457092285
plot_1222.png,4.44762659072876
plot_847.png,4.553690910339356
plot_2021.png,4.125399112701416
plot_1835.png,4.459521293640137
plot_494.png,4.489311218261719
plot_1923.png,4.063074111938477
plot_521.png,4.152042865753174
plot_32.png,4.232849597930908
plot_469.png,4.219815731048584
plot_1780.png,4.597978591918945
plot_592.png,4.346412181854248
plot_1781.png,4.359631061553955
plot_828.png,4.143438339233398
plot_1239.png,4.258845329284668
plot_1621.png,4.07949161529541
plot_1512.png,3.928231954574585
plot_1777.png,4.258256435394287
plot_621.png,4.494524002075195
plot_545.png,4.252864837646484
plot_703.png,4.24461030960083
plot_516.png,4.339959621429443
plot_223.png,4.226039886474609
plot_1740.png,4.170075416564941
plot_438.png,4.144214630126953
plot_385.png,4.439770698547363
plot_110.png,4.362043857574463
plot_1691.png,4.600113391876221
plot_871.png,4.463564395904541
plot_698.png,3.991121053695679
plot_69.png,4.400037288665772
plot_1696.png,4.347437381744385
plot_258.png,4.27597713470459
plot_785.png,4.701189994812012
plot_1136.png,4.47273588180542
plot_1995.png,3.843904495239258
plot_269.png,4.488686561584473
plot_1693.png,3.980963468551636
plot_654.png,4.783913612365723
plot_1699.png,4.141275405883789
plot_1158.png,4.176852226257324
plot_451.png,4.131409168243408
plot_1563.png,3.9584500789642334
plot_1776.png,4.268100738525391
plot_1888.png,4.198495864868164
plot_1369.png,4.419969081878662
plot_1896.png,4.536342620849609
plot_1255.png,3.973180294036865
plot_551.png,3.892649173736572
plot_1823.png,4.114102840423584
plot_1907.png,4.1615986824035645
plot_1202.png,4.497574329376221
plot_1253.png,4.222179412841797
plot_734.png,4.375476837158203
plot_550.png,4.319540500640869
plot_163.png,4.51631498336792
plot_1613.png,4.5298590660095215
plot_426.png,4.421121597290039
plot_97.png,4.384890079498291
plot_331.png,4.523212432861328
plot_103.png,4.497872352600098
plot_2024.png,4.078927516937256
plot_297.png,4.501896858215332
plot_1006.png,4.552052974700928
plot_1622.png,4.477817058563232
plot_1911.png,4.482005596160889
plot_844.png,4.541208267211914
plot_1314.png,4.4698166847229
plot_927.png,4.581087589263916
plot_1763.png,4.459641933441162
plot_1998.png,4.640213966369629
plot_1462.png,4.092963218688965
plot_1581.png,3.850213289260864
plot_1952.png,4.4523138999938965
plot_301.png,4.478814125061035
plot_1901.png,4.409448623657227
plot_397.png,4.046354293823242
plot_1849.png,4.709277153015137
plot_609.png,4.005857467651367
plot_798.png,4.073148727416992
plot_717.png,4.470302581787109
plot_253.png,4.174516201019287
plot_526.png,4.484959125518799
plot_415.png,4.579040050506592
plot_764.png,4.367997169494629
plot_869.png,4.154702186584473
plot_305.png,4.39691972732544
plot_264.png,4.179327487945557
plot_1224.png,4.267771720886231
plot_1770.png,4.212459564208984
plot_470.png,4.246454238891602
plot_1656.png,4.023643493652344
plot_1991.png,3.725519418716431
plot_64.png,4.520162105560303
plot_1778.png,4.4122161865234375
plot_977.png,4.047534942626953
plot_769.png,4.405924320220947
plot_706.png,4.437525272369385
plot_1971.png,4.162773132324219
plot_1765.png,4.145118713378906
plot_339.png,4.5277628898620605
plot_1750.png,4.168311595916748
plot_115.png,4.178172588348389
plot_423.png,4.474711418151856
plot_913.png,4.5352630615234375
plot_655.png,4.649874687194824
plot_1307.png,4.388084411621094
plot_1723.png,4.67310905456543
plot_390.png,4.582667350769043
plot_24.png,4.295363426208496
plot_370.png,4.200640678405762
plot_1925.png,4.549846172332764
plot_1936.png,4.183477401733398
plot_1609.png,3.838875770568848
plot_1132.png,4.600278854370117
plot_1499.png,4.215233325958252
plot_1771.png,4.126332759857178
plot_465.png,4.338496208190918
plot_357.png,4.478556156158447
plot_363.png,4.453016757965088
plot_1530.png,4.435713291168213
plot_1384.png,3.983428716659546
plot_618.png,4.5512375831604
plot_1054.png,4.126552581787109
plot_813.png,4.24285364151001
plot_1303.png,4.140516757965088
plot_1210.png,4.247285842895508
plot_817.png,4.0653815269470215
plot_1302.png,4.384287357330322
plot_1695.png,4.324591159820557
plot_1119.png,4.429302215576172
plot_1756.png,4.429367542266846
plot_762.png,3.9905831813812256
plot_820.png,4.269665241241455
plot_199.png,4.426069736480713
plot_559.png,4.192428588867188
plot_1745.png,4.346853256225586
plot_1127.png,4.239691734313965
plot_1801.png,4.202377796173096
plot_919.png,4.1738810539245605
plot_1410.png,4.189395427703857
plot_1050.png,4.160590171813965
plot_486.png,4.289595603942871
plot_1461.png,4.222667217254639
plot_782.png,4.25335693359375
plot_1666.png,4.249799728393555
plot_1130.png,4.2047295570373535
plot_1508.png,4.094976425170898
plot_1870.png,3.8693556785583496
plot_255.png,4.055456161499023
plot_1625.png,4.047756671905518
plot_207.png,4.5379815101623535
plot_536.png,4.65383243560791
plot_611.png,4.464716911315918
plot_1551.png,4.597744464874268
plot_755.png,4.437267780303955
plot_1908.png,4.039908409118652
plot_1915.png,3.7936201095581055
plot_481.png,4.419801712036133
plot_1174.png,4.3871917724609375
plot_1160.png,4.312320709228516
plot_276.png,4.410717010498047
plot_13.png,4.12807035446167
plot_747.png,4.487894058227539
plot_807.png,4.172357559204102
plot_1762.png,4.050254821777344
plot_173.png,4.309194564819336
plot_1075.png,3.7992968559265137
plot_214.png,4.104507923126221
plot_1990.png,4.497630596160889
plot_957.png,4.362624168395996
plot_954.png,4.410221576690674
plot_16.png,4.123517036437988
plot_1345.png,4.278515338897705
plot_726.png,4.103885173797607
plot_477.png,4.283140659332275
plot_212.png,3.9609899520874015
plot_87.png,4.039831638336182
plot_683.png,4.494043827056885
plot_625.png,4.373583793640137
plot_1269.png,4.675390243530273
plot_6.png,4.381738185882568
plot_187.png,4.5068440437316895
plot_1697.png,4.445603847503662
plot_1559.png,4.5541510581970215
plot_1329.png,4.519695281982422
plot_1556.png,4.03835916519165
plot_482.png,4.273429393768311
plot_1490.png,4.567709445953369
plot_377.png,4.349950313568115
plot_1880.png,4.190819263458252
plot_1389.png,4.30138111114502
plot_98.png,4.1146745681762695
plot_1122.png,4.42834997177124
plot_1140.png,4.187620639801025
plot_205.png,3.94553279876709
plot_502.png,4.785885334014893
plot_288.png,4.210607528686523
plot_1351.png,3.738560676574707
plot_1326.png,4.013517379760742
plot_459.png,4.4475860595703125
plot_1318.png,4.278708457946777
plot_287.png,4.2228169441223145
plot_522.png,4.225701332092285
plot_605.png,4.240893363952637
plot_923.png,4.09621524810791
plot_1347.png,4.457292079925537
plot_1497.png,4.487984657287598
plot_372.png,4.30705451965332
plot_1970.png,4.310408592224121
plot_663.png,4.652049064636231
plot_375.png,4.752424240112305
plot_538.png,4.459268093109131
plot_1123.png,4.618756294250488
plot_529.png,4.262544631958008
plot_2001.png,4.401824474334717
plot_1819.png,4.443952083587647
plot_1070.png,4.328381061553955
plot_1717.png,4.1045823097229
plot_1434.png,4.169040679931641
plot_1311.png,4.460594177246094
plot_556.png,4.479729652404785
plot_1851.png,4.4536542892456055
plot_1107.png,4.418095111846924
plot_145.png,4.377291679382324
plot_1377.png,4.264657020568848
plot_1425.png,4.178201675415039
plot_948.png,4.358810901641846
plot_599.png,4.459209442138672
plot_1510.png,3.9942593574523926
plot_389.png,4.003011703491211
plot_1977.png,4.5003342628479
plot_859.png,4.042979717254639
plot_2025.png,4.21146821975708
plot_1456.png,3.9889986515045166
plot_1346.png,4.221743583679199
plot_1893.png,4.013036727905273
plot_1943.png,4.099308013916016
plot_517.png,4.248064041137695
plot_1338.png,4.210728645324707
plot_1532.png,4.555217742919922
plot_1445.png,4.575889587402344
plot_23.png,4.418988227844238
plot_74.png,3.796309471130371
plot_362.png,4.122464656829834
plot_1373.png,4.162136077880859
plot_439.png,4.108323574066162
plot_1843.png,3.9499974250793457
plot_1816.png,3.9424257278442383
plot_1192.png,3.81469202041626
plot_1856.png,4.366034030914307
plot_1195.png,4.219784259796143
plot_1340.png,4.251365184783936
plot_1668.png,4.610128879547119
plot_366.png,3.8414483070373535
plot_131.png,4.179309844970703
plot_711.png,4.232661724090576
plot_1381.png,4.381991386413574
plot_1286.png,4.546474456787109
plot_1058.png,4.236739158630371
plot_1544.png,4.471774578094482
plot_1056.png,4.026631832122803
plot_84.png,4.206481456756592
plot_1232.png,4.306243896484375
plot_1841.png,4.264083862304688
plot_259.png,4.106538772583008
plot_17.png,4.260154724121094
plot_1390.png,4.464938163757324
plot_1761.png,4.254641532897949
plot_433.png,4.0023932456970215
plot_1291.png,4.3111348152160645
plot_671.png,3.71951961517334
plot_827.png,4.601876258850098
plot_434.png,4.171751022338867
plot_1139.png,4.090314865112305
plot_206.png,4.3546223640441895
plot_1471.png,4.267071723937988
plot_553.png,3.9888741970062256
plot_1825.png,4.383263111114502
plot_1718.png,4.573526382446289
plot_468.png,4.671808242797852
plot_1221.png,4.283656597137451
plot_186.png,4.540684223175049
plot_530.png,4.293896675109863
plot_318.png,4.547696113586426
plot_210.png,4.354922771453857
plot_994.png,4.453197002410889
plot_1552.png,4.261679649353027
plot_1814.png,4.253093242645264
plot_641.png,4.104385852813721
plot_1424.png,4.491067409515381
plot_1829.png,4.55106258392334
plot_1678.png,4.283071517944336
plot_1280.png,4.323469638824463
plot_539.png,4.510370254516602
plot_944.png,4.421236991882324
plot_398.png,4.25101900100708
plot_340.png,4.306874752044678
plot_855.png,4.640547752380371
plot_806.png,4.386614799499512
plot_158.png,4.587035179138184
plot_1506.png,4.200585842132568
plot_231.png,3.890499830245972
plot_643.png,3.997385501861572
plot_1850.png,4.030808448791504
plot_900.png,4.237247943878174
plot_262.png,4.107152462005615
plot_1929.png,4.344808101654053
plot_1171.png,4.427396774291992
plot_1731.png,4.404967784881592
plot_872.png,4.426095008850098
plot_65.png,4.1213250160217285
plot_330.png,4.030486106872559
plot_691.png,3.981566905975342
plot_1492.png,3.9302799701690674
plot_135.png,4.483129024505615
plot_2026.png,4.338498115539551
plot_1784.png,4.338944911956787
plot_1175.png,4.456289291381836
plot_1008.png,4.214366436004639
plot_628.png,4.519709587097168
plot_748.png,4.315455913543701
plot_1549.png,4.375619411468506
plot_590.png,4.49724006652832
plot_368.png,4.476347923278809
plot_100.png,4.339442729949951
plot_1237.png,4.420680046081543
plot_1089.png,4.304574489593506
plot_1974.png,4.003483772277832
plot_1644.png,4.070274353027344
plot_1260.png,4.448486328125
plot_558.png,4.550193786621094
plot_1068.png,4.466312408447266
plot_1724.png,4.048290729522705
plot_1443.png,4.018972396850586
plot_1408.png,4.426004409790039
plot_1651.png,4.227194786071777
plot_1796.png,4.363540649414063
plot_418.png,4.412817001342773
plot_657.png,4.325144767761231
plot_909.png,4.294888973236084
plot_1927.png,4.711456298828125
plot_28.png,4.375001430511475
plot_1279.png,4.510952949523926
plot_149.png,4.502506256103516
plot_1662.png,4.412278175354004
plot_1406.png,4.401151180267334
plot_1794.png,4.104175567626953
plot_257.png,4.583102226257324
plot_738.png,4.263915061950684
plot_1034.png,4.398268222808838
plot_1046.png,4.443241596221924
plot_1906.png,4.454981803894043
plot_766.png,4.369626998901367
plot_934.png,4.065092086791992
plot_1126.png,4.50814151763916
plot_1701.png,4.422005653381348
plot_543.png,4.498550891876221
plot_993.png,4.275710105895996
plot_1030.png,4.258828163146973
plot_1528.png,4.525646209716797
plot_929.png,4.349277973175049
plot_1117.png,4.321901321411133
plot_652.png,4.43496036529541
plot_1044.png,4.309552192687988
plot_1382.png,4.058129787445068
plot_1803.png,4.083364009857178
plot_622.png,4.450152397155762
plot_1170.png,4.4988861083984375
plot_1357.png,4.049655914306641
plot_1954.png,4.169726848602295
plot_917.png,4.243701457977295
plot_1315.png,4.02457857131958
plot_1399.png,4.327717781066895
plot_673.png,4.470232963562012
plot_1628.png,4.225666522979736
plot_399.png,4.444622993469238
plot_1684.png,4.564791679382324
plot_475.png,4.187920093536377
plot_1597.png,4.616302490234375
plot_967.png,4.400734901428223
plot_478.png,4.045864105224609
plot_46.png,4.005561351776123
plot_1800.png,4.451910972595215
plot_702.png,4.559053421020508
plot_15.png,4.367856502532959
plot_1536.png,4.433746337890625
plot_1889.png,4.216546535491943
plot_1262.png,4.0948591232299805
plot_662.png,3.768855333328247
plot_1657.png,4.344156742095947
plot_1113.png,4.43428897857666
plot_101.png,4.506084442138672
plot_733.png,4.414093971252441
plot_2004.png,4.341061115264893
plot_1617.png,3.977136611938477
plot_1091.png,4.350191593170166
plot_1106.png,4.201451301574707
plot_1405.png,3.962423086166382
plot_572.png,4.122666358947754
plot_157.png,4.170917987823486
plot_176.png,4.203413963317871
plot_1439.png,4.450468063354492
plot_1249.png,4.170133590698242
plot_1207.png,4.254383563995361
plot_506.png,4.142826080322266
plot_1979.png,4.446620941162109
plot_93.png,4.4410319328308105
plot_1646.png,4.185666084289551
plot_1764.png,4.507737159729004
plot_1600.png,4.291388988494873
plot_1487.png,4.482763767242432
plot_1579.png,4.480916500091553
plot_731.png,4.6052985191345215
plot_1671.png,4.559224605560303
plot_1076.png,4.2254180908203125
plot_127.png,4.698581695556641
plot_383.png,3.690874338150024
plot_1031.png,4.559906482696533
plot_1451.png,4.471823215484619
plot_48.png,4.1539225578308105
plot_1362.png,4.070380687713623
plot_1758.png,4.813847064971924
plot_345.png,4.372400760650635
plot_830.png,4.4833807945251465
plot_1538.png,4.089226722717285
plot_1036.png,4.443953037261963
plot_421.png,4.51185417175293
plot_1483.png,4.494429588317871
plot_51.png,3.695930004119873
plot_969.png,4.100654602050781
plot_1768.png,4.281501770019531
plot_619.png,4.380206108093262
plot_306.png,4.46267557144165
plot_823.png,4.398871421813965
plot_148.png,4.08917236328125
plot_1411.png,4.4226179122924805
plot_169.png,3.996708869934082
plot_346.png,4.140172004699707
plot_417.png,4.407927513122559
plot_1365.png,4.325233936309815
plot_1580.png,4.469275951385498
plot_682.png,4.360478401184082
plot_1321.png,4.443576812744141
plot_1871.png,4.475336074829102
plot_233.png,4.136826992034912
plot_244.png,4.57575798034668
plot_201.png,4.295686721801758
plot_1894.png,4.598981857299805
plot_1539.png,4.245611190795898
plot_1746.png,4.255551338195801
plot_1101.png,4.774444103240967
plot_678.png,4.011812210083008
plot_286.png,4.173155784606934
plot_1059.png,4.27178955078125
plot_302.png,4.183594226837158
plot_99.png,4.539573192596436
plot_267.png,4.042860984802246
plot_228.png,4.544154644012451
plot_1899.png,4.183062076568604
plot_561.png,4.268767833709717
plot_918.png,4.101189136505127
plot_597.png,4.4735846519470215
plot_320.png,4.124004364013672
plot_693.png,4.442936897277832
plot_235.png,3.949344158172608
plot_1014.png,4.493575572967529
plot_1591.png,4.283790111541748
plot_1403.png,4.359191417694092
plot_156.png,4.346320152282715
plot_887.png,4.2738423347473145
plot_1007.png,4.500306129455566
plot_1932.png,4.360831260681152
plot_602.png,4.426328182220459
plot_1854.png,4.405614852905273
plot_834.png,4.019294738769531
plot_2033.png,4.351512432098389
plot_952.png,4.249994277954102
plot_144.png,4.612043857574463
plot_1690.png,4.433338642120361
plot_700.png,3.97875452041626
plot_31.png,4.128123760223389
plot_926.png,4.333953857421875
plot_337.png,4.595522880554199
plot_713.png,4.354628562927246
plot_1137.png,4.4668378829956055
plot_885.png,4.442882061004639
plot_892.png,4.496325969696045
plot_965.png,4.55902624130249
plot_1878.png,4.385250091552734
plot_679.png,4.549477577209473
plot_1945.png,4.286589622497559
plot_1166.png,4.304893970489502
plot_5.png,4.773473739624023
plot_1415.png,4.287294387817383
plot_1649.png,4.2636332511901855
plot_959.png,4.400256156921387
plot_310.png,4.23451042175293
plot_334.png,4.115203857421875
plot_1700.png,4.035587787628174
plot_1709.png,4.580360412597656
plot_1368.png,4.181833744049072
plot_1782.png,4.411054611206055
plot_1018.png,4.228631496429443
plot_292.png,4.119373798370361
plot_1464.png,4.130748271942139
plot_737.png,4.501184463500977
plot_712.png,4.374977111816406
plot_1595.png,4.207525730133057
plot_245.png,4.188929557800293
plot_1607.png,4.140408515930176
plot_718.png,4.489546298980713
plot_1012.png,4.260221004486084
plot_1183.png,4.134745121002197
plot_140.png,4.171188831329346
plot_225.png,4.689504623413086
plot_1482.png,4.2284836769104
plot_974.png,4.712523937225342
plot_1226.png,4.276261329650879
plot_311.png,4.04754638671875
plot_2029.png,4.379808902740479
plot_1502.png,4.312337875366211
plot_729.png,4.368431091308594
plot_420.png,4.528743267059326
plot_1890.png,4.106246471405029
plot_1129.png,4.135955810546875
plot_1817.png,4.103400230407715
plot_1407.png,4.202839374542236
plot_986.png,4.732450008392334
plot_1242.png,4.534665107727051
plot_495.png,4.264603137969971
plot_79.png,4.477237224578857
plot_956.png,4.469900131225586
plot_623.png,3.9462931156158447
plot_852.png,4.336830139160156
plot_710.png,4.356160640716553
plot_466.png,4.054135799407959
plot_656.png,4.736576080322266
plot_1211.png,4.459399223327637
plot_1584.png,4.015999794006348
plot_60.png,4.166110515594482
plot_1147.png,4.541388511657715
plot_875.png,4.3330979347229
plot_1972.png,3.712446451187134
plot_1937.png,4.256721496582031
plot_953.png,4.369856834411621
plot_1324.png,3.9631576538085938
plot_211.png,4.740315914154053
plot_1567.png,4.576775550842285
plot_1337.png,3.9157750606536874
plot_1961.png,4.456632614135742
plot_1265.png,4.780126094818115
plot_2009.png,4.349514484405518
plot_1287.png,4.499817848205566
plot_1172.png,4.210126876831055
plot_1274.png,4.00237512588501
plot_804.png,4.432178020477295
plot_329.png,4.607909679412842
plot_165.png,4.563709259033203
plot_1491.png,4.451184272766113
plot_408.png,4.676748275756836
plot_1077.png,4.233390808105469
plot_640.png,4.262095928192139
plot_1555.png,4.205172061920166
plot_649.png,4.409362316131592
plot_406.png,4.118019104003906
plot_864.png,4.159521579742432
plot_1296.png,4.183454513549805
plot_29.png,4.211800575256348
plot_1554.png,4.664578437805176
plot_1769.png,4.481142520904541
plot_1118.png,4.348475933074951
plot_1988.png,4.5194525718688965
plot_574.png,4.009019374847412
plot_805.png,4.2400898933410645
plot_2018.png,4.595924377441406
plot_266.png,4.304131507873535
plot_696.png,4.367846965789795
plot_1019.png,4.519118309020996
plot_1752.png,4.553134441375732
plot_1558.png,4.518362045288086
plot_1720.png,4.398580551147461
plot_1672.png,4.456319808959961
plot_174.png,4.383369445800781
plot_1108.png,4.4606709480285645
plot_1440.png,4.478548526763916
plot_1859.png,4.362763404846191
plot_1822.png,4.364908218383789
plot_1623.png,4.644365310668945
plot_1125.png,4.187252998352051
plot_1199.png,4.686992168426514
plot_324.png,4.013598918914795
plot_2035.png,4.062627792358398
plot_449.png,4.438268661499023
plot_1149.png,4.018336772918701
plot_1301.png,4.396413803100586
plot_1885.png,4.276493072509766
plot_1844.png,4.62199068069458
plot_1043.png,4.328524589538574
plot_36.png,4.636954307556152
plot_1131.png,4.393362998962402
plot_283.png,4.275603771209717
plot_606.png,4.421195030212402
plot_1208.png,4.404115676879883
plot_1423.png,4.221353530883789
plot_1180.png,4.249678134918213
plot_1188.png,4.747634410858154
plot_1924.png,4.5938401222229
plot_981.png,3.740748882293701
plot_1466.png,4.343063831329346
plot_1653.png,4.172928810119629
plot_249.png,4.689499855041504
plot_240.png,3.8924641609191895
plot_1159.png,4.71714448928833
plot_352.png,3.809580564498901
plot_1450.png,4.038971900939941
plot_1586.png,4.591792583465576
plot_151.png,4.4697346687316895
plot_1005.png,4.680562973022461
plot_1489.png,4.191151142120361
plot_577.png,4.564709663391113
plot_907.png,4.005770206451416
plot_121.png,4.437133312225342
plot_1401.png,4.352175712585449
plot_500.png,4.113980770111084
plot_583.png,4.342566013336182
plot_675.png,4.544778823852539
plot_47.png,4.238173484802246
plot_1002.png,4.439681053161621
plot_1306.png,4.320322036743164
plot_1409.png,4.539998531341553
plot_1350.png,4.508853912353516
plot_1537.png,4.403273105621338
plot_1681.png,4.452461242675781
plot_134.png,4.108382701873779
plot_1897.png,4.238470554351807
plot_50.png,4.779249668121338
plot_783.png,4.407516956329346
plot_1737.png,4.043409824371338
plot_876.png,4.671383380889893
plot_1842.png,4.532199382781982
plot_1438.png,4.211878776550293
plot_750.png,4.393748283386231
plot_1339.png,4.508805274963379
plot_1254.png,4.435993194580078
plot_1865.png,4.240072727203369
plot_2008.png,3.9766812324523926
plot_797.png,4.267219066619873
plot_1631.png,4.6369404792785645
plot_1428.png,4.241552829742432
plot_1446.png,4.234550952911377
plot_26.png,4.431718826293945
plot_1421.png,4.141107559204102
plot_413.png,4.585689067840576
plot_674.png,4.685790061950684
plot_1114.png,4.497389793395996
plot_950.png,4.788744926452637
plot_524.png,4.5433197021484375
plot_648.png,4.25107479095459
plot_1396.png,4.398142337799072
plot_1204.png,4.621073722839356
plot_2005.png,4.434873580932617
plot_1146.png,4.475311756134033
plot_1643.png,4.531994342803955
plot_796.png,4.009070873260498
plot_669.png,4.436415195465088
plot_1203.png,4.808523178100586
plot_113.png,4.560393810272217
plot_2014.png,4.579963684082031
plot_808.png,4.412766933441162
plot_614.png,3.89761734008789
plot_1453.png,4.642584323883057
plot_1097.png,4.510383605957031
plot_1473.png,4.530979633331299
plot_1259.png,4.095607757568359
plot_749.png,4.594580173492432
plot_1624.png,4.420181751251221
plot_595.png,4.243408203125
plot_882.png,3.993967294692993
plot_112.png,4.624420642852783
plot_721.png,4.6489458084106445
plot_34.png,4.492206573486328
plot_1757.png,4.470336437225342
plot_1133.png,3.945572853088379
plot_463.png,4.228017330169678
plot_601.png,4.393255710601807
plot_1583.png,4.2839436531066895
plot_632.png,4.472593784332275
plot_705.png,4.602148056030273
plot_1061.png,4.497524261474609
plot_740.png,4.164618492126465
plot_1352.png,4.507158756256104
plot_1065.png,4.1525750160217285
plot_1592.png,4.671933174133301
plot_1459.png,4.662172317504883
plot_1437.png,4.044968605041504
plot_336.png,4.44417667388916
plot_304.png,4.693695068359375
plot_1285.png,4.22570276260376
plot_1910.png,4.651127815246582
plot_150.png,4.057584762573242
plot_291.png,4.788185119628906
plot_1186.png,3.80839729309082
plot_911.png,4.603801727294922
plot_1992.png,4.318142414093018
plot_793.png,3.916954278945923
plot_1444.png,4.4016876220703125
plot_263.png,4.679502010345459
plot_1604.png,4.83012580871582
plot_743.png,4.23561954498291
plot_1402.png,4.086352825164795
plot_692.png,4.403335571289063
